pred_counts,gt_counts
3.0,0.0
1.0,0.0
7.0,6.0
0.0,1.0
21.0,23.0
6.0,5.0
6.0,3.0
18.0,15.0
37.0,27.0
1.0,0.0
7.0,9.0
6.0,7.0
3.0,4.0
7.0,4.0
1.0,2.0
1.0,0.0
3.0,2.0
1.0,0.0
3.0,0.0
0.0,2.0
23.0,12.0
0.0,1.0
9.0,7.0
0.0,1.0
1.0,1.0
1.0,1.0
6.0,7.0
16.0,22.0
11.0,8.0
4.0,3.0
10.0,12.0
0.0,1.0
6.0,10.0
4.0,5.0
2.0,0.0
5.0,6.0
16.0,23.0
2.0,0.0
4.0,7.0
1.0,3.0
1.0,0.0
1.0,0.0
2.0,2.0
1.0,0.0
1.0,1.0
11.0,9.0
2.0,1.0
7.0,4.0
1.0,0.0
1.0,0.0
1.0,3.0
1.0,2.0
1.0,0.0
5.0,5.0
1.0,0.0
2.0,0.0
2.0,0.0
2.0,2.0
4.0,0.0
24.0,25.0
1.0,0.0
1.0,1.0
1.0,0.0
1.0,1.0
3.0,4.0
1.0,1.0
1.0,1.0
1.0,0.0
1.0,1.0
1.0,0.0
1.0,0.0
1.0,0.0
21.0,19.0
0.0,1.0
0.0,1.0
18.0,10.0
12.0,9.0
1.0,2.0
5.0,5.0
1.0,0.0
3.0,0.0
4.0,2.0
1.0,1.0
1.0,0.0
10.0,7.0
5.0,4.0
1.0,0.0
1.0,1.0
1.0,1.0
1.0,0.0
1.0,1.0
2.0,0.0
5.0,3.0
0.0,1.0
1.0,0.0
2.0,2.0
1.0,0.0
2.0,2.0
1.0,0.0
0.0,1.0
2.0,0.0
1.0,1.0
4.0,3.0
2.0,2.0
1.0,1.0
0.0,2.0
1.0,0.0
1.0,0.0
1.0,0.0
6.0,5.0
1.0,0.0
1.0,0.0
0.0,1.0
1.0,0.0
10.0,4.0
1.0,0.0
3.0,1.0
5.0,6.0
1.0,1.0
1.0,0.0
1.0,1.0
1.0,1.0
1.0,0.0
4.0,4.0
5.0,5.0
1.0,1.0
3.0,1.0
1.0,1.0
1.0,2.0
0.0,1.0
0.0,1.0
3.0,1.0
2.0,2.0
1.0,2.0
7.0,7.0
2.0,2.0
0.0,1.0
1.0,1.0
3.0,2.0
0.0,1.0
1.0,1.0
2.0,2.0
6.0,4.0
1.0,1.0
0.0,1.0
1.0,0.0
3.0,1.0
0.0,1.0
4.0,6.0
0.0,1.0
1.0,0.0
3.0,2.0
1.0,0.0
2.0,1.0
1.0,0.0
5.0,3.0
1.0,0.0
1.0,1.0
1.0,1.0
3.0,1.0
1.0,1.0
1.0,0.0
1.0,1.0
5.0,4.0
1.0,0.0
3.0,3.0
1.0,0.0
0.0,1.0
3.0,0.0
1.0,0.0
1.0,0.0
1.0,0.0
10.0,13.0
1.0,0.0
2.0,0.0
12.0,10.0
4.0,2.0
1.0,1.0
2.0,2.0
1.0,1.0
1.0,2.0
0.0,2.0
0.0,1.0
2.0,2.0
4.0,8.0
1.0,0.0
1.0,0.0
2.0,1.0
2.0,0.0
3.0,1.0
1.0,0.0
4.0,0.0
2.0,0.0
1.0,0.0
1.0,0.0
10.0,6.0
8.0,6.0
1.0,0.0
1.0,0.0
1.0,0.0
1.0,0.0
1.0,0.0
1.0,0.0
1.0,0.0
1.0,1.0
1.0,0.0
2.0,4.0
1.0,0.0
0.0,1.0
1.0,0.0
4.0,1.0
2.0,1.0
5.0,4.0
1.0,0.0
2.0,0.0
1.0,0.0
1.0,1.0
1.0,0.0
1.0,0.0
2.0,1.0
61.0,56.0
4.0,4.0
1.0,2.0
4.0,4.0
4.0,0.0
1.0,0.0
2.0,0.0
2.0,1.0
1.0,0.0
2.0,2.0
0.0,2.0
1.0,1.0
1.0,0.0
1.0,1.0
13.0,12.0
1.0,2.0
30.0,37.0
1.0,0.0
2.0,2.0
1.0,0.0
2.0,3.0
1.0,0.0
1.0,1.0
9.0,9.0
21.0,28.0
3.0,2.0
2.0,0.0
1.0,0.0
2.0,1.0
5.0,3.0
2.0,0.0
1.0,0.0
1.0,0.0
2.0,4.0
1.0,0.0
5.0,3.0
0.0,1.0
1.0,0.0
2.0,0.0
0.0,1.0
7.0,8.0
2.0,0.0
1.0,0.0
4.0,2.0
1.0,0.0
5.0,2.0
0.0,1.0
1.0,0.0
1.0,0.0
1.0,0.0
6.0,5.0
7.0,7.0
1.0,0.0
1.0,0.0
0.0,1.0
1.0,1.0
0.0,1.0
1.0,0.0
5.0,7.0
0.0,1.0
1.0,0.0
2.0,5.0
1.0,0.0
1.0,1.0
1.0,1.0
1.0,1.0
1.0,0.0
0.0,3.0
1.0,1.0
2.0,0.0
1.0,1.0
1.0,0.0
0.0,1.0
17.0,10.0
57.0,36.0
1.0,1.0
2.0,2.0
1.0,2.0
1.0,1.0
1.0,1.0
2.0,2.0
6.0,6.0
1.0,2.0
0.0,1.0
1.0,0.0
5.0,5.0
2.0,3.0
1.0,1.0
30.0,25.0
0.0,1.0
2.0,1.0
31.0,24.0
0.0,1.0
2.0,1.0
7.0,9.0
1.0,1.0
13.0,11.0
6.0,3.0
1.0,2.0
0.0,1.0
0.0,1.0
1.0,2.0
1.0,1.0
3.0,1.0
3.0,3.0
7.0,11.0
1.0,0.0
6.0,6.0
0.0,1.0
5.0,4.0
3.0,2.0
4.0,0.0
0.0,1.0
0.0,1.0
2.0,2.0
2.0,3.0
2.0,2.0
1.0,0.0
1.0,0.0
1.0,1.0
1.0,0.0
2.0,3.0
13.0,8.0
1.0,0.0
2.0,2.0
0.0,1.0
1.0,0.0
2.0,2.0
0.0,1.0
10.0,7.0
5.0,6.0
1.0,1.0
1.0,2.0
1.0,1.0
1.0,0.0
3.0,1.0
0.0,1.0
1.0,0.0
2.0,3.0
2.0,0.0
1.0,0.0
4.0,4.0
2.0,1.0
3.0,3.0
0.0,1.0
1.0,0.0
1.0,0.0
1.0,2.0
0.0,1.0
0.0,1.0
3.0,3.0
14.0,22.0
0.0,1.0
1.0,1.0
1.0,0.0
0.0,1.0
1.0,0.0
0.0,1.0
0.0,2.0
0.0,1.0
1.0,0.0
1.0,1.0
1.0,0.0
11.0,10.0
1.0,3.0
1.0,0.0
1.0,0.0
4.0,3.0
1.0,0.0
1.0,0.0
1.0,0.0
15.0,15.0
1.0,0.0
1.0,0.0
27.0,23.0
1.0,0.0
11.0,8.0
1.0,0.0
4.0,6.0
3.0,4.0
5.0,5.0
2.0,0.0
0.0,1.0
4.0,1.0
4.0,4.0
1.0,0.0
1.0,2.0
57.0,61.0
1.0,0.0
7.0,5.0
34.0,21.0
6.0,8.0
4.0,6.0
0.0,1.0
0.0,2.0
0.0,1.0
0.0,1.0
0.0,1.0
1.0,1.0
5.0,6.0
1.0,2.0
0.0,2.0
0.0,1.0
1.0,0.0
1.0,0.0
1.0,0.0
1.0,1.0
1.0,0.0
1.0,0.0
2.0,2.0
1.0,1.0
1.0,0.0
0.0,1.0
5.0,4.0
0.0,1.0
3.0,3.0
14.0,14.0
16.0,9.0
0.0,1.0
2.0,2.0
3.0,2.0
0.0,1.0
3.0,0.0
3.0,3.0
2.0,2.0
1.0,0.0
1.0,1.0
5.0,8.0
3.0,3.0
0.0,1.0
2.0,1.0
1.0,0.0
1.0,0.0
1.0,0.0
0.0,2.0
1.0,1.0
1.0,0.0
2.0,2.0
0.0,1.0
1.0,0.0
1.0,0.0
2.0,0.0
10.0,7.0
7.0,6.0
1.0,0.0
0.0,1.0
1.0,0.0
1.0,1.0
6.0,7.0
1.0,0.0
2.0,0.0
1.0,1.0
1.0,0.0
1.0,0.0
1.0,0.0
11.0,9.0
2.0,3.0
2.0,3.0
0.0,1.0
1.0,0.0
7.0,8.0
4.0,6.0
45.0,41.0
8.0,11.0
1.0,0.0
1.0,0.0
1.0,0.0
2.0,0.0
0.0,1.0
0.0,1.0
11.0,11.0
3.0,5.0
1.0,2.0
1.0,1.0
3.0,0.0
5.0,4.0
2.0,4.0
3.0,4.0
1.0,0.0
1.0,0.0
1.0,0.0
1.0,0.0
1.0,0.0
1.0,1.0
0.0,1.0
1.0,0.0
1.0,0.0
1.0,0.0
3.0,0.0
3.0,0.0
4.0,4.0
1.0,0.0
1.0,0.0
1.0,0.0
1.0,0.0
19.0,15.0
3.0,5.0
7.0,8.0
22.0,20.0
1.0,0.0
1.0,0.0
1.0,1.0
3.0,4.0
4.0,3.0
1.0,1.0
0.0,1.0
2.0,2.0
9.0,7.0
2.0,4.0
1.0,0.0
2.0,1.0
1.0,0.0
1.0,0.0
0.0,1.0
1.0,0.0
1.0,0.0
1.0,0.0
3.0,4.0
2.0,0.0
0.0,2.0
3.0,2.0
1.0,0.0
4.0,7.0
1.0,0.0
0.0,1.0
1.0,1.0
1.0,0.0
2.0,2.0
0.0,1.0
3.0,3.0
0.0,1.0
0.0,1.0
3.0,2.0
1.0,0.0
1.0,0.0
2.0,2.0
1.0,3.0
1.0,3.0
2.0,0.0
8.0,9.0
3.0,3.0
0.0,1.0
3.0,4.0
8.0,11.0
2.0,1.0
2.0,2.0
10.0,11.0
5.0,4.0
5.0,8.0
25.0,33.0
4.0,1.0
4.0,4.0
8.0,10.0
4.0,5.0
5.0,5.0
5.0,8.0
2.0,2.0
4.0,8.0
6.0,16.0
1.0,1.0
4.0,6.0
1.0,2.0
35.0,42.0
1.0,0.0
6.0,8.0
18.0,17.0
3.0,2.0
1.0,1.0
1.0,1.0
3.0,2.0
2.0,1.0
4.0,4.0
1.0,0.0
1.0,0.0
1.0,1.0
19.0,29.0
1.0,2.0
1.0,1.0
1.0,0.0
2.0,3.0
1.0,2.0
2.0,0.0
5.0,7.0
7.0,5.0
2.0,5.0
1.0,0.0
19.0,18.0
3.0,2.0
1.0,1.0
1.0,1.0
1.0,1.0
1.0,0.0
7.0,5.0
0.0,1.0
24.0,23.0
2.0,2.0
16.0,15.0
15.0,20.0
1.0,1.0
18.0,14.0
22.0,26.0
6.0,6.0
5.0,4.0
4.0,3.0
1.0,2.0
3.0,3.0
4.0,3.0
3.0,3.0
2.0,2.0
1.0,1.0
5.0,5.0
5.0,10.0
5.0,4.0
6.0,9.0
6.0,5.0
3.0,3.0
31.0,31.0
7.0,6.0
0.0,1.0
17.0,23.0
2.0,3.0
2.0,2.0
8.0,13.0
2.0,1.0
8.0,7.0
1.0,2.0
20.0,28.0
2.0,2.0
5.0,2.0
4.0,4.0
30.0,32.0
1.0,0.0
15.0,13.0
13.0,15.0
1.0,1.0
2.0,0.0
1.0,0.0
1.0,0.0
1.0,0.0
1.0,0.0
0.0,1.0
1.0,0.0
1.0,1.0
1.0,2.0
3.0,0.0
1.0,0.0
1.0,0.0
2.0,3.0
4.0,3.0
1.0,0.0
1.0,1.0
3.0,2.0
0.0,1.0
1.0,0.0
4.0,1.0
9.0,6.0
2.0,2.0
16.0,5.0
1.0,0.0
1.0,0.0
1.0,1.0
1.0,0.0
0.0,1.0
5.0,6.0
1.0,1.0
1.0,0.0
4.0,2.0
1.0,0.0
4.0,5.0
1.0,3.0
1.0,1.0
1.0,0.0
3.0,6.0
1.0,1.0
2.0,2.0
2.0,0.0
4.0,3.0
1.0,0.0
1.0,1.0
0.0,1.0
1.0,1.0
1.0,1.0
1.0,0.0
1.0,0.0
0.0,1.0
1.0,1.0
0.0,1.0
1.0,3.0
7.0,9.0
6.0,7.0
0.0,1.0
3.0,6.0
0.0,1.0
1.0,0.0
0.0,1.0
1.0,1.0
3.0,4.0
4.0,3.0
4.0,21.0
1.0,0.0
8.0,14.0
2.0,2.0
2.0,3.0
16.0,26.0
1.0,0.0
0.0,1.0
1.0,0.0
1.0,3.0
2.0,0.0
1.0,0.0
10.0,16.0
3.0,3.0
6.0,5.0
8.0,8.0
3.0,7.0
2.0,6.0
1.0,0.0
4.0,5.0
8.0,6.0
33.0,57.0
3.0,3.0
12.0,15.0
1.0,0.0
0.0,1.0
2.0,2.0
1.0,0.0
5.0,7.0
5.0,8.0
5.0,5.0
5.0,9.0
0.0,1.0
8.0,4.0
1.0,1.0
0.0,1.0
2.0,8.0
1.0,2.0
0.0,2.0
2.0,3.0
46.0,22.0
1.0,0.0
1.0,1.0
1.0,0.0
0.0,1.0
6.0,5.0
2.0,0.0
1.0,1.0
15.0,1.0
40.0,20.0
1.0,1.0
0.0,1.0
0.0,1.0
2.0,2.0
2.0,0.0
2.0,0.0
1.0,0.0
1.0,1.0
0.0,1.0
1.0,0.0
1.0,1.0
5.0,3.0
2.0,2.0
1.0,1.0
1.0,0.0
1.0,0.0
3.0,3.0
4.0,3.0
1.0,1.0
2.0,4.0
3.0,3.0
2.0,1.0
1.0,0.0
3.0,4.0
1.0,1.0
1.0,2.0
1.0,0.0
2.0,3.0
24.0,22.0
0.0,1.0
0.0,1.0
6.0,6.0
3.0,2.0
1.0,0.0
1.0,0.0
2.0,1.0
1.0,0.0
1.0,0.0
1.0,0.0
1.0,1.0
1.0,0.0
0.0,1.0
2.0,1.0
0.0,1.0
1.0,1.0
2.0,0.0
0.0,1.0
1.0,0.0
1.0,0.0
1.0,0.0
1.0,1.0
2.0,1.0
0.0,1.0
0.0,1.0
4.0,5.0
1.0,1.0
3.0,4.0
3.0,1.0
10.0,12.0
1.0,1.0
26.0,23.0
1.0,0.0
0.0,1.0
1.0,1.0
1.0,1.0
1.0,0.0
1.0,1.0
1.0,0.0
2.0,1.0
2.0,3.0
0.0,2.0
1.0,0.0
38.0,12.0
28.0,12.0
5.0,1.0
1.0,1.0
1.0,1.0
1.0,0.0
1.0,1.0
1.0,1.0
0.0,1.0
4.0,3.0
1.0,1.0
1.0,0.0
5.0,4.0
1.0,1.0
1.0,0.0
1.0,0.0
0.0,1.0
3.0,2.0
1.0,1.0
1.0,2.0
1.0,1.0
28.0,22.0
6.0,5.0
4.0,4.0
1.0,2.0
2.0,1.0
1.0,0.0
6.0,4.0
1.0,0.0
1.0,1.0
6.0,5.0
2.0,0.0
1.0,0.0
1.0,0.0
1.0,1.0
4.0,2.0
7.0,3.0
1.0,0.0
3.0,0.0
1.0,0.0
1.0,2.0
1.0,0.0
17.0,15.0
1.0,1.0
1.0,1.0
1.0,1.0
0.0,1.0
0.0,1.0
1.0,3.0
1.0,1.0
1.0,1.0
4.0,4.0
1.0,1.0
0.0,1.0
1.0,0.0
3.0,1.0
1.0,1.0
0.0,1.0
1.0,1.0
2.0,0.0
0.0,1.0
1.0,0.0
0.0,1.0
0.0,2.0
1.0,0.0
0.0,2.0
1.0,1.0
1.0,0.0
1.0,1.0
1.0,0.0
0.0,1.0
3.0,2.0
1.0,0.0
2.0,1.0
1.0,1.0
1.0,0.0
0.0,1.0
0.0,1.0
4.0,6.0
1.0,1.0
2.0,0.0
1.0,0.0
2.0,1.0
1.0,1.0
1.0,0.0
2.0,4.0
0.0,2.0
0.0,3.0
2.0,1.0
1.0,2.0
1.0,1.0
0.0,1.0
5.0,4.0
1.0,2.0
1.0,0.0
1.0,1.0
6.0,5.0
1.0,5.0
12.0,15.0
11.0,7.0
0.0,2.0
3.0,3.0
4.0,1.0
2.0,0.0
1.0,1.0
3.0,5.0
12.0,17.0
6.0,7.0
17.0,22.0
2.0,1.0
1.0,0.0
1.0,1.0
7.0,8.0
3.0,3.0
4.0,4.0
1.0,3.0
9.0,5.0
37.0,56.0
1.0,3.0
1.0,1.0
5.0,6.0
1.0,0.0
1.0,0.0
0.0,1.0
1.0,1.0
7.0,9.0
1.0,0.0
1.0,1.0
3.0,1.0
1.0,1.0
1.0,2.0
0.0,1.0
1.0,0.0
20.0,46.0
1.0,1.0
31.0,26.0
1.0,0.0
1.0,0.0
1.0,2.0
7.0,10.0
3.0,6.0
1.0,0.0
7.0,14.0
1.0,1.0
4.0,1.0
2.0,1.0
1.0,1.0
1.0,1.0
5.0,5.0
14.0,18.0
16.0,17.0
2.0,2.0
1.0,1.0
4.0,4.0
2.0,3.0
14.0,15.0
2.0,2.0
5.0,4.0
3.0,2.0
1.0,0.0
0.0,1.0
0.0,1.0
1.0,0.0
1.0,1.0
0.0,1.0
0.0,2.0
0.0,1.0
1.0,0.0
1.0,0.0
2.0,0.0
1.0,1.0
0.0,1.0
2.0,6.0
2.0,2.0
3.0,4.0
4.0,3.0
5.0,4.0
8.0,6.0
5.0,4.0
40.0,36.0
2.0,0.0
11.0,10.0
2.0,0.0
2.0,2.0
0.0,1.0
0.0,1.0
10.0,7.0
1.0,0.0
5.0,6.0
6.0,5.0
2.0,1.0
17.0,9.0
28.0,30.0
5.0,5.0
10.0,10.0
1.0,0.0
1.0,2.0
1.0,0.0
1.0,0.0
2.0,0.0
0.0,1.0
1.0,1.0
1.0,1.0
1.0,1.0
1.0,1.0
1.0,0.0
1.0,0.0
1.0,1.0
1.0,0.0
7.0,6.0
103.0,74.0
24.0,31.0
118.0,59.0
4.0,5.0
7.0,4.0
2.0,1.0
1.0,4.0
1.0,0.0
3.0,0.0
1.0,0.0
2.0,0.0
1.0,0.0
58.0,34.0
73.0,80.0
30.0,36.0
1.0,0.0
1.0,1.0
5.0,5.0
1.0,0.0
1.0,1.0
1.0,0.0
1.0,2.0
0.0,1.0
0.0,1.0
0.0,1.0
3.0,3.0
6.0,4.0
1.0,1.0
11.0,15.0
3.0,4.0
6.0,8.0
7.0,7.0
1.0,0.0
0.0,1.0
4.0,2.0
1.0,0.0
5.0,2.0
2.0,2.0
2.0,1.0
1.0,1.0
13.0,16.0
1.0,0.0
6.0,9.0
3.0,2.0
10.0,13.0
3.0,3.0
62.0,74.0
1.0,2.0
1.0,1.0
1.0,1.0
1.0,0.0
7.0,8.0
1.0,0.0
1.0,1.0
45.0,56.0
2.0,2.0
11.0,10.0
6.0,5.0
1.0,1.0
18.0,15.0
7.0,7.0
8.0,8.0
5.0,4.0
1.0,1.0
0.0,1.0
3.0,3.0
108.0,65.0
4.0,6.0
2.0,2.0
37.0,37.0
1.0,0.0
2.0,18.0
1.0,1.0
8.0,9.0
11.0,10.0
2.0,3.0
170.0,136.0
32.0,31.0
5.0,6.0
11.0,11.0
6.0,8.0
36.0,40.0
9.0,17.0
41.0,58.0
3.0,4.0
44.0,53.0
16.0,22.0
17.0,17.0
1.0,1.0
22.0,22.0
67.0,80.0
0.0,1.0
1.0,1.0
82.0,87.0
1.0,1.0
4.0,6.0
39.0,43.0
0.0,1.0
25.0,31.0
1.0,2.0
90.0,99.0
3.0,3.0
1.0,1.0
17.0,17.0
6.0,4.0
1.0,0.0
3.0,4.0
1.0,0.0
1.0,2.0
1.0,0.0
24.0,19.0
11.0,9.0
0.0,1.0
2.0,1.0
2.0,2.0
0.0,1.0
2.0,0.0
2.0,0.0
0.0,3.0
1.0,0.0
3.0,3.0
0.0,1.0
1.0,0.0
2.0,0.0
3.0,2.0
0.0,1.0
2.0,3.0
23.0,21.0
2.0,2.0
0.0,1.0
6.0,7.0
1.0,0.0
2.0,2.0
1.0,3.0
0.0,1.0
1.0,1.0
7.0,7.0
1.0,1.0
1.0,1.0
0.0,1.0
1.0,0.0
1.0,1.0
4.0,6.0
0.0,1.0
3.0,1.0
1.0,1.0
1.0,1.0
1.0,1.0
2.0,2.0
3.0,3.0
6.0,9.0
0.0,1.0
0.0,1.0
1.0,0.0
5.0,3.0
2.0,1.0
0.0,1.0
1.0,1.0
1.0,0.0
1.0,0.0
1.0,0.0
1.0,0.0
31.0,24.0
0.0,1.0
0.0,1.0
1.0,0.0
1.0,1.0
2.0,3.0
50.0,36.0
2.0,1.0
3.0,2.0
4.0,4.0
1.0,0.0
1.0,0.0
2.0,1.0
4.0,3.0
8.0,5.0
33.0,31.0
1.0,0.0
3.0,3.0
1.0,0.0
0.0,1.0
0.0,2.0
2.0,0.0
1.0,0.0
4.0,1.0
0.0,1.0
4.0,1.0
1.0,0.0
1.0,0.0
5.0,7.0
5.0,4.0
4.0,3.0
6.0,5.0
2.0,2.0
1.0,0.0
0.0,1.0
5.0,7.0
2.0,2.0
1.0,1.0
1.0,1.0
2.0,2.0
18.0,15.0
1.0,0.0
1.0,0.0
10.0,13.0
5.0,7.0
1.0,0.0
4.0,0.0
3.0,2.0
4.0,0.0
1.0,0.0
1.0,0.0
11.0,15.0
1.0,0.0
1.0,4.0
0.0,5.0
3.0,4.0
0.0,1.0
0.0,2.0
0.0,2.0
1.0,1.0
0.0,8.0
2.0,17.0
0.0,1.0
0.0,2.0
0.0,1.0
0.0,1.0
1.0,4.0
0.0,1.0
0.0,3.0
0.0,2.0
0.0,9.0
0.0,2.0
1.0,19.0
0.0,1.0
0.0,3.0
0.0,4.0
2.0,14.0
0.0,1.0
1.0,21.0
1.0,1.0
0.0,1.0
2.0,1.0
2.0,1.0
1.0,2.0
1.0,0.0
4.0,5.0
3.0,2.0
1.0,1.0
1.0,0.0
1.0,3.0
0.0,1.0
1.0,1.0
1.0,2.0
1.0,2.0
2.0,3.0
2.0,4.0
2.0,1.0
1.0,2.0
12.0,14.0
8.0,6.0
3.0,3.0
4.0,4.0
8.0,5.0
0.0,1.0
9.0,10.0
1.0,1.0
5.0,5.0
1.0,1.0
10.0,7.0
23.0,20.0
3.0,2.0
3.0,3.0
2.0,0.0
4.0,4.0
7.0,12.0
13.0,6.0
3.0,1.0
0.0,1.0
80.0,98.0
4.0,3.0
8.0,4.0
6.0,1.0
1.0,0.0
2.0,2.0
1.0,2.0
1.0,1.0
1.0,2.0
1.0,0.0
1.0,0.0
15.0,22.0
1.0,1.0
10.0,10.0
1.0,1.0
2.0,0.0
2.0,2.0
0.0,1.0
1.0,0.0
18.0,12.0
1.0,1.0
18.0,20.0
0.0,1.0
1.0,0.0
0.0,1.0
1.0,1.0
7.0,5.0
1.0,1.0
1.0,1.0
1.0,0.0
5.0,5.0
1.0,2.0
1.0,1.0
0.0,1.0
3.0,0.0
36.0,31.0
0.0,1.0
0.0,1.0
0.0,1.0
1.0,1.0
7.0,9.0
26.0,22.0
0.0,1.0
3.0,6.0
2.0,0.0
2.0,1.0
5.0,10.0
1.0,0.0
0.0,1.0
1.0,1.0
2.0,2.0
5.0,3.0
1.0,0.0
1.0,1.0
1.0,0.0
11.0,9.0
116.0,100.0
12.0,12.0
30.0,34.0
1.0,1.0
11.0,10.0
1.0,0.0
8.0,8.0
1.0,1.0
8.0,5.0
0.0,1.0
0.0,1.0
6.0,7.0
5.0,7.0
1.0,1.0
1.0,0.0
2.0,1.0
3.0,1.0
1.0,0.0
1.0,1.0
3.0,0.0
1.0,0.0
1.0,2.0
5.0,7.0
2.0,1.0
5.0,3.0
1.0,0.0
1.0,0.0
6.0,2.0
1.0,2.0
1.0,0.0
1.0,1.0
4.0,3.0
1.0,0.0
1.0,1.0
1.0,0.0
3.0,2.0
1.0,0.0
2.0,2.0
0.0,1.0
1.0,1.0
1.0,0.0
0.0,1.0
1.0,1.0
1.0,1.0
2.0,1.0
1.0,2.0
1.0,1.0
3.0,2.0
1.0,1.0
1.0,0.0
0.0,1.0
2.0,0.0
3.0,4.0
1.0,0.0
6.0,5.0
8.0,10.0
1.0,0.0
0.0,1.0
1.0,1.0
1.0,0.0
1.0,1.0
1.0,0.0
1.0,0.0
2.0,7.0
1.0,1.0
1.0,0.0
1.0,0.0
4.0,4.0
1.0,0.0
0.0,2.0
1.0,0.0
1.0,0.0
1.0,0.0
0.0,1.0
0.0,1.0
1.0,1.0
1.0,0.0
0.0,1.0
1.0,0.0
1.0,0.0
1.0,0.0
3.0,3.0
5.0,5.0
3.0,2.0
1.0,0.0
1.0,0.0
1.0,0.0
3.0,2.0
0.0,1.0
1.0,0.0
2.0,5.0
0.0,1.0
2.0,1.0
2.0,0.0
1.0,0.0
1.0,0.0
1.0,0.0
2.0,3.0
0.0,1.0
1.0,0.0
0.0,1.0
0.0,1.0
4.0,4.0
1.0,1.0
0.0,1.0
1.0,1.0
2.0,1.0
0.0,1.0
6.0,5.0
2.0,2.0
1.0,1.0
1.0,1.0
1.0,0.0
1.0,2.0
0.0,1.0
1.0,0.0
1.0,1.0
1.0,0.0
1.0,1.0
1.0,1.0
0.0,1.0
1.0,1.0
3.0,1.0
1.0,1.0
2.0,4.0
20.0,18.0
1.0,1.0
0.0,1.0
7.0,6.0
1.0,1.0
9.0,10.0
27.0,21.0
2.0,1.0
0.0,1.0
5.0,6.0
1.0,0.0
0.0,1.0
1.0,0.0
1.0,4.0
1.0,0.0
1.0,1.0
0.0,1.0
1.0,0.0
4.0,4.0
1.0,1.0
5.0,3.0
0.0,2.0
12.0,15.0
1.0,1.0
2.0,0.0
0.0,1.0
1.0,1.0
2.0,0.0
1.0,0.0
1.0,0.0
7.0,9.0
0.0,1.0
0.0,1.0
2.0,3.0
1.0,0.0
8.0,11.0
1.0,0.0
6.0,5.0
1.0,1.0
1.0,0.0
1.0,1.0
1.0,0.0
5.0,8.0
7.0,14.0
0.0,1.0
1.0,0.0
1.0,1.0
0.0,1.0
3.0,5.0
2.0,2.0
0.0,1.0
2.0,1.0
1.0,0.0
1.0,1.0
1.0,1.0
12.0,20.0
1.0,0.0
2.0,0.0
2.0,2.0
5.0,3.0
1.0,0.0
1.0,1.0
1.0,0.0
16.0,20.0
1.0,1.0
0.0,1.0
1.0,1.0
2.0,4.0
1.0,0.0
1.0,0.0
3.0,2.0
3.0,3.0
5.0,9.0
1.0,1.0
1.0,2.0
27.0,36.0
2.0,0.0
3.0,1.0
7.0,10.0
0.0,1.0
2.0,3.0
1.0,2.0
1.0,1.0
9.0,5.0
1.0,2.0
3.0,5.0
8.0,8.0
1.0,0.0
6.0,6.0
1.0,1.0
3.0,3.0
2.0,3.0
1.0,0.0
1.0,1.0
4.0,5.0
2.0,3.0
1.0,2.0
2.0,1.0
0.0,1.0
2.0,1.0
2.0,0.0
1.0,0.0
1.0,0.0
5.0,8.0
1.0,1.0
4.0,7.0
10.0,8.0
2.0,2.0
2.0,3.0
1.0,2.0
1.0,1.0
1.0,0.0
1.0,0.0
1.0,0.0
3.0,7.0
0.0,1.0
1.0,1.0
5.0,4.0
5.0,4.0
3.0,2.0
1.0,0.0
1.0,0.0
2.0,2.0
1.0,1.0
2.0,0.0
1.0,0.0
2.0,4.0
1.0,0.0
0.0,1.0
7.0,6.0
3.0,3.0
2.0,4.0
4.0,0.0
1.0,0.0
10.0,0.0
1.0,0.0
18.0,15.0
1.0,0.0
11.0,15.0
3.0,0.0
11.0,10.0
1.0,0.0
0.0,1.0
1.0,0.0
39.0,36.0
1.0,1.0
1.0,0.0
1.0,0.0
11.0,6.0
1.0,0.0
12.0,8.0
2.0,2.0
14.0,13.0
59.0,35.0
37.0,23.0
45.0,46.0
1.0,0.0
1.0,0.0
1.0,0.0
3.0,4.0
4.0,0.0
1.0,1.0
1.0,0.0
100.0,68.0
7.0,10.0
16.0,11.0
27.0,27.0
21.0,26.0
10.0,8.0
1.0,0.0
5.0,0.0
2.0,3.0
3.0,3.0
1.0,0.0
1.0,0.0
14.0,9.0
0.0,1.0
3.0,2.0
1.0,1.0
2.0,4.0
3.0,0.0
1.0,2.0
7.0,15.0
0.0,2.0
1.0,1.0
1.0,0.0
1.0,2.0
3.0,9.0
1.0,2.0
1.0,1.0
1.0,4.0
4.0,7.0
27.0,41.0
1.0,1.0
1.0,0.0
1.0,0.0
1.0,1.0
3.0,6.0
3.0,2.0
1.0,3.0
0.0,1.0
1.0,0.0
56.0,67.0
0.0,2.0
5.0,6.0
1.0,0.0
2.0,3.0
4.0,8.0
2.0,5.0
1.0,1.0
1.0,1.0
1.0,1.0
3.0,4.0
1.0,0.0
1.0,1.0
1.0,0.0
5.0,2.0
0.0,1.0
1.0,1.0
2.0,2.0
2.0,0.0
3.0,2.0
22.0,21.0
2.0,0.0
1.0,3.0
5.0,5.0
2.0,0.0
1.0,1.0
4.0,5.0
17.0,22.0
1.0,0.0
2.0,7.0
7.0,7.0
1.0,0.0
2.0,2.0
4.0,0.0
9.0,9.0
10.0,14.0
0.0,1.0
1.0,2.0
22.0,17.0
7.0,8.0
4.0,2.0
1.0,1.0
1.0,1.0
8.0,7.0
10.0,10.0
1.0,0.0
4.0,2.0
5.0,9.0
1.0,0.0
1.0,1.0
1.0,0.0
1.0,1.0
1.0,0.0
1.0,1.0
0.0,1.0
1.0,0.0
1.0,0.0
3.0,2.0
1.0,0.0
5.0,5.0
5.0,4.0
1.0,0.0
1.0,2.0
1.0,0.0
0.0,1.0
1.0,1.0
1.0,0.0
3.0,4.0
0.0,1.0
1.0,1.0
0.0,1.0
1.0,0.0
2.0,0.0
1.0,1.0
3.0,3.0
1.0,1.0
2.0,1.0
10.0,10.0
0.0,1.0
2.0,3.0
0.0,1.0
4.0,7.0
3.0,4.0
7.0,7.0
3.0,3.0
4.0,3.0
13.0,16.0
8.0,13.0
1.0,2.0
33.0,31.0
11.0,11.0
1.0,3.0
13.0,18.0
6.0,6.0
8.0,9.0
6.0,12.0
2.0,2.0
4.0,4.0
2.0,3.0
1.0,0.0
13.0,15.0
9.0,12.0
0.0,1.0
0.0,1.0
22.0,31.0
9.0,11.0
16.0,18.0
0.0,1.0
1.0,1.0
0.0,1.0
0.0,1.0
1.0,0.0
1.0,1.0
1.0,0.0
1.0,0.0
1.0,0.0
1.0,0.0
1.0,0.0
5.0,6.0
1.0,1.0
1.0,0.0
6.0,6.0
19.0,9.0
3.0,0.0
1.0,0.0
0.0,1.0
1.0,0.0
1.0,0.0
5.0,4.0
1.0,2.0
0.0,1.0
1.0,0.0
1.0,0.0
9.0,11.0
0.0,1.0
3.0,1.0
3.0,4.0
2.0,1.0
0.0,1.0
55.0,60.0
7.0,6.0
1.0,0.0
3.0,2.0
2.0,0.0
1.0,1.0
1.0,0.0
1.0,0.0
12.0,12.0
43.0,51.0
2.0,0.0
22.0,21.0
3.0,2.0
37.0,45.0
1.0,0.0
1.0,3.0
0.0,1.0
1.0,1.0
10.0,12.0
19.0,25.0
6.0,4.0
47.0,45.0
1.0,0.0
2.0,1.0
1.0,1.0
1.0,0.0
2.0,1.0
1.0,1.0
1.0,0.0
68.0,67.0
8.0,6.0
1.0,0.0
1.0,0.0
1.0,0.0
1.0,0.0
4.0,6.0
0.0,2.0
1.0,0.0
4.0,2.0
2.0,5.0
4.0,5.0
1.0,0.0
4.0,8.0
3.0,5.0
1.0,0.0
2.0,0.0
1.0,0.0
1.0,1.0
2.0,3.0
1.0,1.0
6.0,4.0
1.0,1.0
1.0,0.0
1.0,0.0
1.0,1.0
1.0,0.0
1.0,2.0
0.0,1.0
1.0,0.0
1.0,1.0
1.0,1.0
1.0,0.0
1.0,0.0
1.0,1.0
1.0,0.0
5.0,2.0
9.0,5.0
1.0,0.0
2.0,4.0
1.0,1.0
2.0,2.0
0.0,1.0
1.0,1.0
1.0,2.0
1.0,0.0
0.0,1.0
1.0,0.0
1.0,1.0
1.0,0.0
2.0,3.0
4.0,3.0
1.0,0.0
1.0,0.0
1.0,0.0
0.0,1.0
2.0,1.0
1.0,0.0
1.0,0.0
0.0,3.0
1.0,0.0
0.0,1.0
20.0,20.0
1.0,1.0
4.0,3.0
1.0,0.0
0.0,1.0
3.0,3.0
0.0,1.0
24.0,17.0
6.0,5.0
12.0,13.0
1.0,0.0
20.0,22.0
18.0,20.0
4.0,4.0
1.0,1.0
3.0,2.0
4.0,5.0
0.0,1.0
15.0,8.0
2.0,1.0
4.0,2.0
3.0,2.0
1.0,0.0
2.0,1.0
1.0,0.0
5.0,1.0
2.0,2.0
1.0,0.0
1.0,1.0
2.0,1.0
4.0,5.0
1.0,0.0
0.0,1.0
0.0,1.0
1.0,0.0
1.0,0.0
1.0,0.0
1.0,1.0
1.0,1.0
1.0,0.0
6.0,2.0
2.0,0.0
1.0,0.0
1.0,1.0
3.0,0.0
4.0,6.0
1.0,0.0
1.0,0.0
1.0,1.0
1.0,1.0
2.0,1.0
0.0,1.0
1.0,2.0
0.0,1.0
1.0,1.0
1.0,0.0
4.0,3.0
1.0,1.0
2.0,0.0
1.0,0.0
48.0,28.0
6.0,8.0
2.0,0.0
2.0,1.0
19.0,25.0
9.0,9.0
27.0,24.0
3.0,3.0
35.0,31.0
15.0,15.0
1.0,0.0
1.0,2.0
5.0,9.0
6.0,10.0
9.0,11.0
0.0,1.0
1.0,0.0
0.0,1.0
22.0,22.0
0.0,1.0
21.0,18.0
2.0,5.0
1.0,1.0
2.0,2.0
6.0,4.0
5.0,6.0
12.0,13.0
1.0,0.0
3.0,2.0
7.0,5.0
1.0,0.0
2.0,4.0
0.0,1.0
1.0,1.0
27.0,25.0
0.0,1.0
11.0,11.0
3.0,1.0
1.0,0.0
2.0,2.0
1.0,2.0
1.0,0.0
2.0,0.0
1.0,1.0
1.0,2.0
1.0,0.0
2.0,2.0
1.0,0.0
2.0,3.0
2.0,1.0
1.0,0.0
1.0,1.0
1.0,0.0
2.0,1.0
0.0,1.0
0.0,1.0
1.0,0.0
3.0,3.0
2.0,1.0
3.0,3.0
1.0,0.0
1.0,1.0
2.0,2.0
2.0,1.0
1.0,0.0
1.0,1.0
5.0,6.0
2.0,1.0
0.0,1.0
31.0,23.0
0.0,1.0
18.0,22.0
0.0,1.0
1.0,0.0
1.0,0.0
9.0,10.0
1.0,1.0
11.0,11.0
1.0,0.0
2.0,2.0
8.0,5.0
1.0,0.0
0.0,1.0
8.0,12.0
2.0,0.0
17.0,13.0
7.0,8.0
5.0,6.0
0.0,1.0
0.0,1.0
11.0,7.0
1.0,0.0
9.0,14.0
1.0,1.0
0.0,1.0
3.0,4.0
0.0,1.0
6.0,5.0
1.0,1.0
1.0,1.0
6.0,6.0
1.0,1.0
1.0,2.0
0.0,1.0
3.0,2.0
0.0,1.0
4.0,5.0
4.0,5.0
0.0,1.0
1.0,0.0
7.0,6.0
5.0,6.0
0.0,1.0
2.0,0.0
2.0,0.0
53.0,61.0
75.0,68.0
32.0,38.0
34.0,31.0
2.0,0.0
65.0,65.0
2.0,2.0
3.0,1.0
8.0,10.0
2.0,2.0
6.0,3.0
45.0,45.0
36.0,41.0
7.0,9.0
2.0,3.0
2.0,2.0
49.0,52.0
1.0,1.0
4.0,7.0
1.0,3.0
2.0,1.0
14.0,8.0
1.0,0.0
3.0,5.0
1.0,0.0
66.0,43.0
2.0,0.0
60.0,64.0
1.0,0.0
7.0,7.0
3.0,4.0
4.0,6.0
1.0,0.0
9.0,6.0
28.0,30.0
67.0,81.0
1.0,0.0
34.0,32.0
107.0,116.0
1.0,0.0
3.0,3.0
5.0,5.0
1.0,1.0
2.0,1.0
2.0,0.0
1.0,0.0
2.0,0.0
3.0,4.0
1.0,0.0
1.0,2.0
1.0,1.0
1.0,1.0
1.0,1.0
9.0,9.0
0.0,1.0
1.0,3.0
2.0,0.0
1.0,0.0
67.0,64.0
1.0,0.0
64.0,50.0
2.0,0.0
1.0,0.0
3.0,1.0
1.0,0.0
0.0,1.0
1.0,1.0
1.0,0.0
0.0,1.0
1.0,1.0
0.0,1.0
1.0,1.0
26.0,19.0
0.0,1.0
1.0,0.0
7.0,9.0
1.0,0.0
1.0,1.0
1.0,1.0
4.0,5.0
1.0,2.0
6.0,14.0
1.0,0.0
4.0,2.0
3.0,3.0
1.0,0.0
0.0,1.0
4.0,4.0
2.0,3.0
2.0,2.0
4.0,4.0
1.0,0.0
0.0,1.0
1.0,0.0
0.0,1.0
2.0,2.0
1.0,1.0
0.0,1.0
1.0,0.0
0.0,1.0
1.0,1.0
1.0,3.0
1.0,0.0
1.0,0.0
1.0,0.0
4.0,3.0
1.0,1.0
1.0,0.0
2.0,1.0
0.0,1.0
1.0,0.0
1.0,0.0
1.0,0.0
4.0,5.0
9.0,9.0
1.0,0.0
1.0,0.0
2.0,1.0
1.0,0.0
1.0,0.0
1.0,0.0
1.0,1.0
2.0,1.0
1.0,1.0
1.0,2.0
1.0,2.0
1.0,0.0
2.0,5.0
2.0,2.0
1.0,0.0
0.0,1.0
2.0,2.0
1.0,1.0
2.0,3.0
1.0,1.0
8.0,2.0
1.0,0.0
1.0,0.0
1.0,0.0
2.0,2.0
1.0,0.0
0.0,1.0
1.0,0.0
1.0,0.0
1.0,0.0
1.0,0.0
1.0,1.0
1.0,1.0
2.0,1.0
0.0,1.0
1.0,0.0
1.0,0.0
1.0,1.0
0.0,1.0
3.0,3.0
1.0,1.0
1.0,1.0
1.0,0.0
0.0,1.0
3.0,5.0
1.0,0.0
2.0,0.0
0.0,1.0
1.0,0.0
0.0,1.0
0.0,1.0
3.0,3.0
0.0,1.0
0.0,1.0
1.0,0.0
2.0,2.0
0.0,1.0
1.0,1.0
2.0,1.0
1.0,0.0
0.0,1.0
1.0,1.0
3.0,4.0
5.0,7.0
0.0,1.0
1.0,0.0
2.0,2.0
0.0,1.0
1.0,1.0
2.0,0.0
7.0,5.0
6.0,2.0
1.0,0.0
2.0,2.0
7.0,7.0
0.0,1.0
1.0,0.0
7.0,6.0
1.0,0.0
1.0,1.0
1.0,0.0
1.0,0.0
3.0,3.0
1.0,0.0
9.0,5.0
2.0,2.0
1.0,0.0
1.0,0.0
11.0,13.0
2.0,0.0
1.0,0.0
3.0,2.0
1.0,0.0
1.0,1.0
1.0,0.0
1.0,0.0
1.0,1.0
1.0,2.0
1.0,1.0
9.0,11.0
0.0,1.0
1.0,0.0
7.0,7.0
1.0,1.0
1.0,0.0
2.0,2.0
30.0,38.0
3.0,1.0
0.0,1.0
2.0,2.0
1.0,0.0
4.0,6.0
0.0,1.0
2.0,1.0
2.0,0.0
1.0,0.0
7.0,4.0
10.0,15.0
4.0,9.0
23.0,19.0
6.0,6.0
1.0,0.0
2.0,2.0
10.0,16.0
2.0,3.0
1.0,0.0
1.0,1.0
7.0,6.0
0.0,2.0
2.0,1.0
3.0,2.0
1.0,0.0
4.0,6.0
7.0,4.0
1.0,1.0
1.0,1.0
1.0,0.0
1.0,2.0
1.0,0.0
1.0,0.0
1.0,1.0
1.0,2.0
6.0,4.0
2.0,1.0
1.0,0.0
0.0,1.0
1.0,1.0
1.0,1.0
1.0,0.0
0.0,1.0
0.0,1.0
1.0,1.0
1.0,1.0
1.0,2.0
1.0,1.0
1.0,0.0
2.0,1.0
1.0,0.0
1.0,0.0
1.0,0.0
0.0,1.0
1.0,0.0
1.0,1.0
0.0,1.0
1.0,1.0
0.0,2.0
2.0,1.0
1.0,0.0
23.0,14.0
1.0,0.0
2.0,1.0
1.0,1.0
2.0,0.0
30.0,29.0
1.0,1.0
2.0,0.0
15.0,5.0
1.0,0.0
12.0,10.0
5.0,4.0
18.0,16.0
23.0,14.0
1.0,1.0
4.0,0.0
9.0,11.0
0.0,1.0
4.0,5.0
1.0,1.0
1.0,2.0
0.0,2.0
1.0,0.0
1.0,0.0
14.0,12.0
1.0,0.0
1.0,0.0
1.0,2.0
2.0,0.0
3.0,2.0
5.0,7.0
1.0,1.0
0.0,1.0
1.0,1.0
1.0,1.0
1.0,0.0
37.0,36.0
1.0,1.0
4.0,0.0
0.0,2.0
5.0,5.0
1.0,0.0
2.0,2.0
1.0,5.0
1.0,1.0
1.0,1.0
15.0,13.0
1.0,0.0
1.0,0.0
1.0,1.0
3.0,3.0
1.0,0.0
2.0,4.0
1.0,0.0
1.0,0.0
1.0,0.0
1.0,1.0
0.0,1.0
2.0,0.0
1.0,0.0
1.0,0.0
4.0,5.0
1.0,0.0
6.0,6.0
1.0,4.0
7.0,8.0
1.0,1.0
2.0,2.0
2.0,2.0
1.0,1.0
0.0,1.0
6.0,5.0
1.0,0.0
5.0,4.0
6.0,6.0
1.0,2.0
2.0,0.0
1.0,1.0
1.0,1.0
2.0,1.0
1.0,0.0
4.0,5.0
13.0,11.0
1.0,0.0
1.0,1.0
1.0,1.0
1.0,1.0
2.0,0.0
1.0,1.0
1.0,1.0
1.0,1.0
3.0,2.0
0.0,1.0
3.0,4.0
1.0,2.0
1.0,2.0
1.0,1.0
0.0,3.0
1.0,0.0
2.0,2.0
1.0,0.0
0.0,2.0
1.0,1.0
6.0,6.0
1.0,0.0
2.0,0.0
1.0,1.0
26.0,24.0
12.0,15.0
1.0,1.0
0.0,1.0
1.0,0.0
1.0,0.0
1.0,2.0
1.0,1.0
1.0,0.0
1.0,1.0
1.0,2.0
2.0,1.0
0.0,1.0
3.0,3.0
1.0,3.0
1.0,1.0
1.0,2.0
1.0,4.0
1.0,2.0
1.0,1.0
2.0,1.0
0.0,1.0
1.0,1.0
1.0,1.0
1.0,0.0
1.0,1.0
2.0,2.0
2.0,4.0
5.0,8.0
1.0,2.0
1.0,1.0
1.0,1.0
1.0,1.0
0.0,1.0
3.0,2.0
4.0,4.0
2.0,0.0
0.0,1.0
0.0,1.0
0.0,1.0
0.0,1.0
1.0,1.0
1.0,1.0
3.0,2.0
5.0,4.0
1.0,1.0
0.0,1.0
1.0,0.0
1.0,1.0
1.0,2.0
2.0,0.0
1.0,1.0
0.0,1.0
1.0,0.0
1.0,0.0
0.0,1.0
1.0,1.0
1.0,2.0
1.0,0.0
1.0,0.0
1.0,0.0
3.0,2.0
2.0,1.0
1.0,2.0
1.0,0.0
1.0,0.0
2.0,2.0
1.0,0.0
1.0,0.0
4.0,3.0
2.0,2.0
43.0,35.0
1.0,0.0
2.0,1.0
1.0,0.0
1.0,0.0
1.0,0.0
1.0,0.0
1.0,0.0
1.0,0.0
0.0,1.0
0.0,1.0
1.0,0.0
0.0,1.0
1.0,1.0
3.0,1.0
2.0,3.0
1.0,0.0
1.0,1.0
1.0,0.0
1.0,0.0
2.0,0.0
0.0,2.0
0.0,1.0
0.0,1.0
2.0,0.0
1.0,1.0
2.0,1.0
0.0,1.0
22.0,23.0
0.0,1.0
2.0,0.0
1.0,1.0
1.0,0.0
3.0,0.0
19.0,18.0
6.0,3.0
1.0,0.0
1.0,0.0
1.0,0.0
3.0,3.0
0.0,1.0
1.0,0.0
1.0,0.0
1.0,0.0
2.0,0.0
2.0,4.0
4.0,5.0
1.0,1.0
18.0,15.0
18.0,13.0
4.0,4.0
0.0,2.0
1.0,0.0
1.0,0.0
16.0,8.0
2.0,0.0
24.0,21.0
1.0,0.0
1.0,1.0
1.0,0.0
3.0,5.0
1.0,0.0
2.0,0.0
1.0,0.0
3.0,2.0
1.0,0.0
5.0,7.0
1.0,1.0
27.0,26.0
13.0,10.0
1.0,0.0
3.0,3.0
1.0,0.0
8.0,5.0
1.0,0.0
1.0,1.0
1.0,0.0
1.0,1.0
0.0,1.0
0.0,1.0
1.0,0.0
10.0,16.0
0.0,1.0
2.0,1.0
6.0,4.0
22.0,28.0
2.0,3.0
2.0,3.0
17.0,21.0
14.0,23.0
1.0,0.0
1.0,0.0
32.0,41.0
15.0,15.0
1.0,0.0
1.0,0.0
0.0,1.0
8.0,6.0
4.0,9.0
7.0,3.0
1.0,0.0
1.0,1.0
41.0,46.0
1.0,1.0
0.0,1.0
1.0,0.0
26.0,36.0
2.0,1.0
13.0,13.0
1.0,1.0
24.0,31.0
1.0,1.0
26.0,32.0
8.0,7.0
29.0,34.0
1.0,0.0
2.0,3.0
2.0,1.0
1.0,0.0
20.0,20.0
4.0,4.0
0.0,1.0
0.0,1.0
1.0,0.0
3.0,3.0
0.0,2.0
2.0,4.0
0.0,1.0
2.0,1.0
2.0,1.0
1.0,1.0
2.0,2.0
5.0,6.0
2.0,1.0
1.0,1.0
11.0,7.0
1.0,1.0
63.0,34.0
0.0,1.0
17.0,8.0
1.0,1.0
1.0,1.0
1.0,0.0
0.0,1.0
2.0,2.0
1.0,0.0
2.0,3.0
0.0,1.0
11.0,9.0
1.0,1.0
1.0,1.0
1.0,0.0
0.0,1.0
1.0,1.0
9.0,4.0
3.0,2.0
1.0,0.0
0.0,1.0
1.0,1.0
1.0,0.0
1.0,0.0
1.0,0.0
0.0,1.0
2.0,3.0
1.0,0.0
1.0,0.0
1.0,0.0
1.0,0.0
1.0,1.0
1.0,0.0
0.0,1.0
3.0,3.0
1.0,0.0
0.0,1.0
0.0,1.0
1.0,1.0
9.0,4.0
1.0,4.0
0.0,1.0
0.0,2.0
2.0,1.0
47.0,55.0
0.0,1.0
0.0,1.0
1.0,1.0
2.0,3.0
2.0,1.0
0.0,1.0
7.0,11.0
1.0,0.0
1.0,0.0
21.0,21.0
7.0,9.0
6.0,3.0
20.0,21.0
11.0,7.0
3.0,3.0
1.0,0.0
1.0,0.0
1.0,1.0
2.0,3.0
10.0,12.0
1.0,0.0
1.0,0.0
1.0,0.0
5.0,5.0
2.0,2.0
13.0,10.0
2.0,2.0
1.0,0.0
1.0,1.0
1.0,1.0
0.0,1.0
1.0,0.0
9.0,6.0
3.0,2.0
0.0,1.0
1.0,0.0
1.0,1.0
3.0,3.0
0.0,1.0
1.0,1.0
1.0,2.0
2.0,0.0
10.0,2.0
3.0,2.0
0.0,1.0
8.0,11.0
1.0,0.0
0.0,1.0
1.0,1.0
1.0,0.0
0.0,1.0
2.0,1.0
2.0,1.0
0.0,3.0
0.0,1.0
1.0,0.0
2.0,2.0
0.0,1.0
1.0,3.0
3.0,4.0
2.0,0.0
25.0,23.0
1.0,0.0
3.0,2.0
1.0,1.0
1.0,1.0
12.0,18.0
1.0,0.0
25.0,31.0
2.0,0.0
10.0,4.0
9.0,8.0
12.0,10.0
28.0,31.0
1.0,0.0
1.0,0.0
19.0,21.0
35.0,37.0
3.0,0.0
4.0,9.0
8.0,11.0
0.0,1.0
0.0,1.0
3.0,3.0
1.0,1.0
1.0,3.0
1.0,2.0
1.0,0.0
65.0,55.0
1.0,0.0
47.0,55.0
1.0,0.0
9.0,12.0
2.0,3.0
1.0,0.0
4.0,6.0
39.0,33.0
1.0,0.0
10.0,15.0
1.0,0.0
2.0,2.0
1.0,0.0
9.0,6.0
2.0,0.0
2.0,0.0
2.0,0.0
1.0,0.0
0.0,1.0
2.0,3.0
1.0,0.0
1.0,0.0
1.0,0.0
0.0,1.0
2.0,2.0
0.0,1.0
1.0,0.0
0.0,2.0
1.0,1.0
12.0,14.0
0.0,1.0
4.0,10.0
1.0,0.0
2.0,2.0
1.0,0.0
1.0,0.0
1.0,0.0
1.0,1.0
0.0,1.0
1.0,1.0
1.0,1.0
0.0,1.0
1.0,3.0
0.0,1.0
1.0,2.0
0.0,1.0
4.0,4.0
21.0,38.0
1.0,1.0
6.0,6.0
15.0,12.0
10.0,12.0
1.0,1.0
2.0,2.0
10.0,9.0
7.0,7.0
12.0,11.0
1.0,0.0
15.0,18.0
4.0,3.0
1.0,0.0
1.0,1.0
1.0,1.0
11.0,10.0
4.0,1.0
22.0,28.0
0.0,1.0
1.0,0.0
1.0,1.0
1.0,0.0
12.0,15.0
2.0,1.0
3.0,3.0
2.0,3.0
3.0,2.0
19.0,19.0
0.0,1.0
2.0,2.0
2.0,0.0
1.0,0.0
1.0,1.0
1.0,0.0
2.0,3.0
0.0,1.0
1.0,3.0
1.0,0.0
0.0,1.0
0.0,1.0
11.0,16.0
1.0,1.0
1.0,0.0
3.0,3.0
1.0,0.0
0.0,1.0
1.0,0.0
1.0,1.0
2.0,0.0
1.0,0.0
1.0,0.0
1.0,2.0
1.0,1.0
1.0,3.0
2.0,1.0
1.0,1.0
2.0,2.0
1.0,0.0
11.0,7.0
0.0,1.0
16.0,17.0
1.0,0.0
1.0,0.0
1.0,0.0
24.0,23.0
10.0,8.0
1.0,1.0
3.0,4.0
8.0,3.0
21.0,17.0
1.0,0.0
0.0,1.0
12.0,7.0
1.0,1.0
1.0,0.0
4.0,3.0
1.0,1.0
1.0,0.0
7.0,8.0
5.0,1.0
8.0,13.0
2.0,1.0
1.0,1.0
1.0,0.0
1.0,0.0
1.0,0.0
16.0,22.0
2.0,1.0
2.0,3.0
5.0,7.0
2.0,1.0
2.0,1.0
0.0,1.0
5.0,4.0
4.0,5.0
1.0,1.0
1.0,1.0
1.0,0.0
2.0,4.0
1.0,0.0
1.0,1.0
1.0,2.0
3.0,6.0
1.0,0.0
1.0,0.0
0.0,1.0
1.0,0.0
4.0,3.0
1.0,0.0
2.0,1.0
1.0,1.0
1.0,0.0
0.0,1.0
1.0,0.0
0.0,1.0
0.0,1.0
0.0,1.0
6.0,5.0
1.0,0.0
2.0,1.0
3.0,1.0
57.0,14.0
8.0,7.0
5.0,2.0
1.0,0.0
1.0,0.0
1.0,0.0
0.0,1.0
1.0,1.0
8.0,9.0
1.0,0.0
1.0,0.0
1.0,0.0
1.0,0.0
2.0,1.0
2.0,0.0
1.0,0.0
2.0,0.0
7.0,7.0
1.0,0.0
1.0,0.0
2.0,2.0
10.0,11.0
1.0,0.0
2.0,3.0
1.0,1.0
0.0,1.0
4.0,4.0
0.0,1.0
8.0,9.0
1.0,0.0
1.0,0.0
1.0,0.0
0.0,1.0
2.0,2.0
1.0,0.0
1.0,2.0
5.0,4.0
2.0,0.0
1.0,1.0
5.0,4.0
1.0,0.0
0.0,1.0
0.0,1.0
1.0,0.0
1.0,0.0
1.0,1.0
1.0,1.0
2.0,2.0
0.0,1.0
2.0,3.0
1.0,2.0
5.0,5.0
4.0,3.0
0.0,2.0
1.0,0.0
1.0,0.0
1.0,0.0
2.0,2.0
1.0,0.0
1.0,0.0
2.0,0.0
3.0,5.0
2.0,3.0
1.0,0.0
2.0,2.0
1.0,0.0
3.0,1.0
1.0,1.0
1.0,2.0
1.0,0.0
2.0,0.0
2.0,0.0
2.0,1.0
1.0,0.0
5.0,4.0
4.0,4.0
1.0,0.0
1.0,0.0
2.0,3.0
1.0,0.0
1.0,1.0
1.0,1.0
1.0,1.0
2.0,2.0
1.0,0.0
2.0,2.0
1.0,0.0
2.0,1.0
1.0,0.0
2.0,1.0
1.0,0.0
1.0,0.0
6.0,4.0
2.0,1.0
1.0,0.0
1.0,0.0
1.0,1.0
1.0,2.0
7.0,11.0
1.0,0.0
1.0,0.0
3.0,5.0
1.0,1.0
2.0,0.0
3.0,0.0
5.0,4.0
1.0,1.0
1.0,1.0
0.0,1.0
1.0,1.0
1.0,1.0
0.0,3.0
1.0,0.0
2.0,0.0
1.0,0.0
1.0,0.0
1.0,0.0
5.0,7.0
1.0,2.0
3.0,2.0
6.0,9.0
1.0,2.0
9.0,4.0
2.0,2.0
22.0,19.0
1.0,0.0
7.0,8.0
6.0,2.0
1.0,0.0
1.0,0.0
14.0,13.0
3.0,3.0
1.0,1.0
2.0,3.0
1.0,0.0
2.0,3.0
2.0,0.0
1.0,1.0
3.0,2.0
1.0,1.0
3.0,2.0
2.0,2.0
7.0,8.0
1.0,1.0
2.0,0.0
1.0,0.0
5.0,11.0
2.0,4.0
5.0,5.0
0.0,1.0
1.0,0.0
2.0,2.0
0.0,1.0
2.0,1.0
8.0,9.0
2.0,0.0
1.0,0.0
1.0,0.0
0.0,2.0
1.0,0.0
2.0,2.0
1.0,0.0
1.0,1.0
1.0,0.0
0.0,1.0
1.0,1.0
0.0,1.0
11.0,14.0
1.0,0.0
1.0,0.0
1.0,1.0
1.0,1.0
1.0,1.0
2.0,1.0
12.0,9.0
1.0,0.0
1.0,0.0
1.0,0.0
1.0,0.0
1.0,0.0
13.0,3.0
0.0,2.0
2.0,1.0
1.0,1.0
0.0,1.0
35.0,17.0
2.0,3.0
1.0,3.0
1.0,1.0
4.0,2.0
2.0,3.0
1.0,1.0
5.0,6.0
1.0,2.0
1.0,0.0
1.0,1.0
14.0,6.0
14.0,14.0
1.0,0.0
3.0,3.0
1.0,0.0
15.0,19.0
6.0,4.0
2.0,1.0
17.0,13.0
3.0,3.0
85.0,60.0
10.0,6.0
7.0,1.0
10.0,8.0
12.0,9.0
0.0,1.0
1.0,0.0
1.0,1.0
1.0,0.0
0.0,2.0
15.0,7.0
5.0,4.0
0.0,1.0
1.0,0.0
0.0,1.0
2.0,0.0
1.0,1.0
1.0,1.0
6.0,5.0
4.0,5.0
1.0,2.0
4.0,3.0
3.0,2.0
1.0,2.0
1.0,0.0
0.0,1.0
1.0,0.0
1.0,0.0
1.0,1.0
1.0,0.0
1.0,0.0
2.0,0.0
1.0,0.0
1.0,0.0
1.0,1.0
0.0,1.0
2.0,0.0
1.0,0.0
1.0,1.0
4.0,4.0
1.0,0.0
1.0,1.0
1.0,1.0
5.0,1.0
3.0,0.0
3.0,3.0
6.0,0.0
1.0,1.0
0.0,1.0
7.0,7.0
0.0,1.0
1.0,0.0
1.0,1.0
17.0,10.0
1.0,0.0
1.0,2.0
1.0,0.0
0.0,1.0
8.0,4.0
2.0,2.0
0.0,1.0
1.0,1.0
1.0,1.0
1.0,0.0
4.0,5.0
0.0,1.0
4.0,4.0
1.0,0.0
2.0,3.0
9.0,8.0
2.0,2.0
1.0,2.0
2.0,0.0
1.0,1.0
1.0,0.0
7.0,7.0
1.0,1.0
9.0,7.0
1.0,0.0
3.0,3.0
6.0,5.0
3.0,6.0
2.0,0.0
30.0,35.0
1.0,1.0
1.0,2.0
6.0,6.0
1.0,1.0
2.0,1.0
1.0,0.0
6.0,6.0
1.0,0.0
2.0,2.0
17.0,15.0
3.0,3.0
1.0,1.0
1.0,1.0
1.0,0.0
2.0,1.0
1.0,0.0
3.0,3.0
3.0,6.0
12.0,8.0
1.0,1.0
1.0,2.0
14.0,24.0
1.0,1.0
9.0,8.0
5.0,9.0
2.0,1.0
1.0,0.0
1.0,2.0
1.0,0.0
5.0,6.0
3.0,7.0
1.0,1.0
1.0,2.0
1.0,1.0
13.0,13.0
2.0,3.0
3.0,4.0
3.0,2.0
3.0,1.0
3.0,3.0
0.0,1.0
4.0,1.0
1.0,0.0
2.0,0.0
1.0,0.0
3.0,1.0
1.0,1.0
1.0,0.0
1.0,0.0
2.0,0.0
5.0,2.0
1.0,1.0
1.0,0.0
1.0,0.0
1.0,0.0
1.0,0.0
13.0,11.0
2.0,0.0
1.0,0.0
1.0,0.0
13.0,13.0
17.0,18.0
1.0,1.0
1.0,0.0
1.0,1.0
1.0,0.0
1.0,0.0
2.0,2.0
2.0,2.0
11.0,15.0
1.0,1.0
0.0,1.0
1.0,1.0
0.0,1.0
6.0,6.0
0.0,1.0
1.0,0.0
1.0,1.0
1.0,0.0
4.0,7.0
2.0,1.0
1.0,2.0
1.0,0.0
1.0,0.0
2.0,2.0
4.0,3.0
1.0,0.0
1.0,0.0
1.0,0.0
0.0,1.0
1.0,0.0
2.0,1.0
28.0,26.0
2.0,0.0
2.0,0.0
8.0,10.0
0.0,1.0
3.0,2.0
1.0,1.0
8.0,9.0
3.0,2.0
2.0,0.0
4.0,3.0
13.0,12.0
2.0,0.0
1.0,0.0
5.0,3.0
2.0,0.0
1.0,0.0
5.0,3.0
10.0,3.0
2.0,0.0
2.0,4.0
9.0,9.0
19.0,24.0
0.0,2.0
3.0,0.0
2.0,1.0
1.0,0.0
4.0,4.0
1.0,0.0
1.0,0.0
10.0,5.0
19.0,21.0
2.0,1.0
2.0,1.0
3.0,3.0
1.0,1.0
2.0,4.0
3.0,2.0
1.0,1.0
1.0,2.0
1.0,0.0
4.0,3.0
2.0,2.0
1.0,0.0
4.0,4.0
10.0,10.0
3.0,5.0
3.0,5.0
1.0,1.0
14.0,13.0
6.0,6.0
1.0,1.0
2.0,0.0
21.0,26.0
14.0,11.0
10.0,11.0
4.0,6.0
1.0,2.0
6.0,6.0
1.0,1.0
6.0,6.0
3.0,3.0
15.0,15.0
1.0,2.0
15.0,12.0
2.0,3.0
1.0,1.0
31.0,34.0
8.0,8.0
11.0,10.0
0.0,1.0
1.0,1.0
2.0,3.0
1.0,2.0
3.0,6.0
1.0,2.0
7.0,4.0
1.0,1.0
4.0,4.0
0.0,1.0
1.0,0.0
2.0,2.0
3.0,3.0
1.0,0.0
0.0,1.0
4.0,6.0
11.0,10.0
1.0,0.0
5.0,1.0
76.0,71.0
2.0,2.0
6.0,6.0
4.0,2.0
0.0,1.0
5.0,10.0
6.0,4.0
10.0,15.0
2.0,2.0
9.0,4.0
0.0,1.0
1.0,1.0
1.0,0.0
20.0,20.0
2.0,2.0
5.0,5.0
0.0,1.0
1.0,3.0
0.0,2.0
1.0,2.0
1.0,0.0
1.0,0.0
1.0,0.0
2.0,0.0
10.0,10.0
1.0,2.0
0.0,1.0
1.0,0.0
2.0,3.0
1.0,1.0
0.0,1.0
1.0,0.0
4.0,5.0
0.0,1.0
2.0,1.0
1.0,0.0
0.0,1.0
0.0,1.0
1.0,0.0
2.0,2.0
1.0,2.0
37.0,50.0
1.0,0.0
23.0,25.0
1.0,0.0
1.0,0.0
3.0,1.0
0.0,1.0
5.0,5.0
14.0,12.0
2.0,1.0
1.0,1.0
6.0,6.0
1.0,1.0
16.0,17.0
1.0,3.0
3.0,2.0
6.0,8.0
1.0,5.0
2.0,2.0
1.0,1.0
15.0,10.0
4.0,5.0
1.0,2.0
4.0,8.0
11.0,8.0
0.0,2.0
14.0,10.0
1.0,1.0
3.0,4.0
1.0,1.0
1.0,2.0
1.0,1.0
1.0,0.0
7.0,6.0
1.0,2.0
0.0,2.0
1.0,1.0
1.0,1.0
1.0,0.0
1.0,0.0
0.0,1.0
5.0,6.0
1.0,0.0
3.0,3.0
3.0,5.0
0.0,1.0
4.0,3.0
4.0,5.0
1.0,1.0
2.0,2.0
0.0,1.0
1.0,1.0
1.0,1.0
3.0,2.0
1.0,1.0
1.0,0.0
1.0,0.0
1.0,0.0
1.0,0.0
1.0,0.0
0.0,1.0
1.0,0.0
17.0,19.0
1.0,0.0
1.0,1.0
0.0,1.0
1.0,0.0
1.0,0.0
1.0,0.0
2.0,0.0
8.0,7.0
1.0,0.0
2.0,1.0
79.0,79.0
1.0,1.0
6.0,4.0
1.0,0.0
1.0,1.0
2.0,2.0
1.0,1.0
1.0,1.0
1.0,0.0
2.0,2.0
15.0,14.0
1.0,0.0
1.0,0.0
59.0,60.0
4.0,0.0
2.0,1.0
1.0,2.0
0.0,1.0
2.0,1.0
0.0,1.0
0.0,1.0
2.0,0.0
1.0,0.0
1.0,0.0
1.0,1.0
0.0,1.0
1.0,0.0
3.0,1.0
2.0,2.0
1.0,0.0
1.0,2.0
0.0,1.0
1.0,0.0
1.0,0.0
0.0,1.0
1.0,1.0
1.0,1.0
1.0,0.0
1.0,0.0
2.0,2.0
1.0,0.0
12.0,10.0
2.0,2.0
1.0,1.0
1.0,0.0
9.0,14.0
1.0,0.0
26.0,32.0
23.0,29.0
1.0,0.0
1.0,1.0
0.0,1.0
2.0,3.0
28.0,34.0
1.0,0.0
1.0,1.0
4.0,3.0
7.0,6.0
54.0,53.0
19.0,25.0
1.0,0.0
6.0,6.0
1.0,2.0
1.0,0.0
1.0,1.0
1.0,1.0
1.0,0.0
7.0,8.0
1.0,2.0
3.0,3.0
32.0,38.0
1.0,1.0
0.0,1.0
8.0,10.0
1.0,1.0
9.0,7.0
2.0,4.0
17.0,16.0
2.0,0.0
0.0,1.0
5.0,4.0
1.0,0.0
4.0,5.0
1.0,2.0
1.0,0.0
1.0,0.0
14.0,14.0
2.0,0.0
4.0,6.0
6.0,6.0
2.0,0.0
1.0,1.0
1.0,1.0
3.0,0.0
4.0,7.0
5.0,4.0
2.0,2.0
1.0,0.0
2.0,0.0
1.0,1.0
11.0,3.0
3.0,3.0
5.0,4.0
1.0,3.0
1.0,2.0
1.0,0.0
1.0,1.0
5.0,2.0
2.0,4.0
2.0,3.0
1.0,1.0
0.0,1.0
0.0,1.0
2.0,0.0
9.0,9.0
1.0,1.0
0.0,2.0
2.0,2.0
1.0,0.0
2.0,2.0
29.0,27.0
1.0,0.0
1.0,0.0
1.0,0.0
1.0,0.0
1.0,4.0
4.0,2.0
1.0,0.0
1.0,1.0
2.0,0.0
18.0,4.0
25.0,25.0
36.0,27.0
42.0,46.0
1.0,1.0
1.0,1.0
1.0,1.0
1.0,1.0
4.0,0.0
29.0,19.0
6.0,6.0
19.0,23.0
0.0,1.0
1.0,1.0
0.0,2.0
0.0,1.0
20.0,22.0
1.0,1.0
32.0,23.0
38.0,39.0
1.0,0.0
1.0,0.0
1.0,0.0
59.0,62.0
1.0,0.0
1.0,0.0
1.0,0.0
127.0,108.0
1.0,0.0
4.0,7.0
4.0,3.0
25.0,22.0
1.0,0.0
32.0,31.0
7.0,11.0
1.0,0.0
16.0,26.0
1.0,0.0
1.0,0.0
1.0,0.0
4.0,0.0
1.0,0.0
0.0,2.0
1.0,0.0
1.0,1.0
7.0,8.0
2.0,3.0
1.0,1.0
5.0,1.0
1.0,0.0
0.0,1.0
5.0,5.0
1.0,1.0
0.0,1.0
22.0,19.0
18.0,19.0
1.0,1.0
14.0,15.0
1.0,1.0
33.0,30.0
1.0,0.0
4.0,6.0
1.0,1.0
0.0,1.0
6.0,6.0
4.0,4.0
1.0,0.0
8.0,6.0
1.0,1.0
5.0,1.0
1.0,2.0
0.0,1.0
1.0,0.0
1.0,0.0
11.0,8.0
0.0,1.0
1.0,1.0
1.0,1.0
1.0,0.0
1.0,1.0
1.0,0.0
7.0,8.0
8.0,16.0
0.0,2.0
1.0,1.0
1.0,1.0
3.0,4.0
5.0,10.0
2.0,1.0
18.0,13.0
0.0,1.0
1.0,1.0
5.0,6.0
9.0,13.0
0.0,1.0
1.0,1.0
20.0,25.0
1.0,0.0
0.0,1.0
1.0,0.0
5.0,1.0
0.0,1.0
19.0,13.0
2.0,1.0
2.0,0.0
3.0,0.0
8.0,10.0
2.0,0.0
0.0,1.0
1.0,1.0
22.0,19.0
11.0,10.0
12.0,7.0
14.0,11.0
13.0,13.0
1.0,1.0
1.0,0.0
1.0,0.0
2.0,0.0
1.0,1.0
1.0,0.0
1.0,1.0
1.0,0.0
3.0,0.0
1.0,0.0
1.0,0.0
2.0,2.0
1.0,0.0
1.0,0.0
10.0,8.0
2.0,0.0
4.0,2.0
5.0,4.0
1.0,0.0
1.0,1.0
0.0,1.0
34.0,31.0
23.0,26.0
2.0,2.0
1.0,0.0
4.0,4.0
0.0,1.0
6.0,3.0
2.0,0.0
2.0,2.0
1.0,3.0
2.0,2.0
1.0,0.0
4.0,4.0
2.0,2.0
26.0,25.0
1.0,0.0
1.0,1.0
5.0,4.0
1.0,0.0
1.0,0.0
0.0,1.0
1.0,2.0
1.0,1.0
0.0,1.0
9.0,12.0
2.0,3.0
1.0,0.0
1.0,0.0
0.0,1.0
0.0,1.0
1.0,1.0
7.0,6.0
1.0,0.0
0.0,2.0
1.0,0.0
7.0,3.0
0.0,1.0
3.0,3.0
1.0,1.0
4.0,0.0
8.0,7.0
5.0,4.0
3.0,0.0
8.0,4.0
3.0,2.0
4.0,2.0
0.0,1.0
1.0,0.0
20.0,12.0
2.0,2.0
2.0,2.0
2.0,3.0
2.0,1.0
1.0,1.0
1.0,0.0
7.0,8.0
1.0,0.0
1.0,0.0
5.0,7.0
1.0,0.0
1.0,1.0
1.0,0.0
1.0,1.0
1.0,0.0
0.0,1.0
41.0,31.0
2.0,0.0
2.0,2.0
0.0,1.0
0.0,1.0
1.0,1.0
1.0,1.0
6.0,3.0
2.0,0.0
1.0,0.0
3.0,3.0
1.0,0.0
1.0,0.0
1.0,2.0
2.0,0.0
1.0,0.0
0.0,2.0
1.0,1.0
1.0,1.0
1.0,1.0
1.0,1.0
0.0,1.0
1.0,1.0
1.0,0.0
1.0,0.0
1.0,0.0
1.0,2.0
1.0,0.0
1.0,0.0
0.0,1.0
1.0,0.0
1.0,0.0
2.0,3.0
1.0,0.0
2.0,0.0
1.0,0.0
0.0,1.0
1.0,0.0
1.0,0.0
2.0,0.0
32.0,19.0
18.0,24.0
1.0,0.0
6.0,8.0
1.0,1.0
1.0,0.0
0.0,4.0
1.0,1.0
1.0,1.0
8.0,7.0
1.0,1.0
59.0,29.0
1.0,0.0
0.0,1.0
1.0,0.0
5.0,7.0
5.0,5.0
14.0,15.0
3.0,0.0
1.0,0.0
9.0,7.0
9.0,5.0
1.0,0.0
0.0,1.0
1.0,1.0
9.0,5.0
4.0,5.0
4.0,3.0
2.0,0.0
11.0,7.0
2.0,0.0
30.0,26.0
1.0,0.0
4.0,4.0
15.0,12.0
4.0,3.0
5.0,2.0
41.0,31.0
3.0,3.0
8.0,6.0
1.0,0.0
12.0,9.0
3.0,3.0
2.0,2.0
2.0,3.0
1.0,1.0
7.0,5.0
81.0,76.0
2.0,0.0
2.0,1.0
0.0,1.0
91.0,75.0
1.0,0.0
1.0,1.0
5.0,6.0
6.0,5.0
1.0,1.0
4.0,3.0
4.0,0.0
4.0,0.0
18.0,21.0
1.0,0.0
1.0,1.0
1.0,1.0
7.0,11.0
1.0,0.0
0.0,1.0
2.0,0.0
1.0,0.0
1.0,0.0
1.0,0.0
1.0,0.0
2.0,3.0
2.0,0.0
1.0,0.0
1.0,1.0
1.0,1.0
0.0,1.0
0.0,2.0
2.0,0.0
1.0,0.0
8.0,6.0
1.0,1.0
3.0,3.0
3.0,1.0
1.0,0.0
1.0,0.0
1.0,0.0
0.0,1.0
1.0,0.0
1.0,0.0
1.0,0.0
4.0,1.0
1.0,1.0
1.0,1.0
1.0,1.0
1.0,0.0
2.0,0.0
1.0,1.0
0.0,1.0
1.0,0.0
1.0,1.0
6.0,6.0
1.0,1.0
1.0,0.0
2.0,0.0
1.0,0.0
2.0,0.0
0.0,1.0
1.0,0.0
1.0,2.0
3.0,1.0
0.0,1.0
1.0,1.0
3.0,3.0
1.0,0.0
13.0,12.0
6.0,6.0
1.0,0.0
0.0,1.0
1.0,1.0
1.0,1.0
4.0,2.0
0.0,1.0
1.0,0.0
0.0,1.0
19.0,19.0
7.0,0.0
2.0,2.0
3.0,0.0
11.0,11.0
5.0,6.0
25.0,20.0
7.0,8.0
3.0,2.0
1.0,0.0
2.0,0.0
1.0,1.0
5.0,4.0
1.0,1.0
1.0,2.0
1.0,0.0
1.0,0.0
0.0,1.0
1.0,2.0
1.0,0.0
2.0,0.0
1.0,1.0
1.0,0.0
1.0,0.0
1.0,0.0
0.0,3.0
2.0,2.0
1.0,1.0
1.0,0.0
2.0,0.0
0.0,2.0
1.0,2.0
0.0,1.0
2.0,2.0
0.0,1.0
1.0,1.0
8.0,8.0
0.0,1.0
1.0,0.0
4.0,6.0
1.0,0.0
1.0,0.0
1.0,0.0
3.0,4.0
1.0,0.0
1.0,1.0
1.0,0.0
1.0,0.0
5.0,4.0
1.0,0.0
0.0,1.0
1.0,0.0
1.0,0.0
1.0,2.0
1.0,1.0
3.0,3.0
0.0,1.0
1.0,0.0
1.0,0.0
1.0,1.0
0.0,5.0
1.0,1.0
0.0,1.0
1.0,0.0
1.0,1.0
1.0,1.0
3.0,0.0
0.0,1.0
1.0,1.0
0.0,1.0
1.0,0.0
2.0,2.0
0.0,1.0
3.0,7.0
2.0,4.0
2.0,1.0
1.0,2.0
1.0,1.0
1.0,0.0
2.0,0.0
4.0,4.0
4.0,2.0
1.0,1.0
0.0,3.0
3.0,3.0
3.0,3.0
0.0,1.0
9.0,8.0
4.0,2.0
1.0,0.0
3.0,0.0
1.0,1.0
3.0,4.0
1.0,1.0
1.0,0.0
1.0,1.0
3.0,3.0
10.0,13.0
2.0,2.0
7.0,15.0
2.0,0.0
2.0,1.0
3.0,3.0
1.0,2.0
2.0,2.0
4.0,4.0
1.0,0.0
3.0,1.0
2.0,2.0
3.0,3.0
44.0,36.0
0.0,1.0
1.0,0.0
1.0,0.0
2.0,0.0
4.0,3.0
65.0,46.0
16.0,16.0
14.0,12.0
3.0,4.0
34.0,36.0
8.0,7.0
2.0,1.0
1.0,0.0
22.0,26.0
33.0,39.0
1.0,2.0
1.0,0.0
2.0,0.0
10.0,11.0
2.0,4.0
1.0,0.0
16.0,15.0
3.0,0.0
8.0,6.0
43.0,51.0
1.0,0.0
1.0,0.0
0.0,2.0
3.0,3.0
1.0,0.0
4.0,3.0
43.0,41.0
1.0,0.0
3.0,1.0
2.0,0.0
6.0,4.0
6.0,5.0
15.0,14.0
1.0,1.0
1.0,0.0
1.0,0.0
1.0,0.0
2.0,0.0
11.0,9.0
3.0,0.0
6.0,3.0
3.0,1.0
2.0,1.0
9.0,7.0
8.0,4.0
14.0,15.0
0.0,1.0
20.0,19.0
1.0,0.0
36.0,25.0
0.0,3.0
38.0,37.0
15.0,12.0
1.0,0.0
1.0,1.0
8.0,9.0
1.0,0.0
0.0,1.0
8.0,4.0
5.0,3.0
0.0,1.0
1.0,0.0
0.0,1.0
1.0,0.0
1.0,0.0
0.0,2.0
1.0,0.0
0.0,1.0
0.0,1.0
1.0,1.0
4.0,6.0
4.0,4.0
0.0,1.0
4.0,4.0
1.0,0.0
2.0,0.0
0.0,3.0
0.0,2.0
1.0,0.0
6.0,3.0
35.0,19.0
3.0,4.0
8.0,7.0
1.0,0.0
1.0,0.0
1.0,0.0
7.0,2.0
14.0,18.0
29.0,32.0
0.0,2.0
1.0,1.0
1.0,0.0
1.0,1.0
5.0,2.0
1.0,0.0
1.0,0.0
0.0,1.0
1.0,1.0
1.0,0.0
4.0,7.0
1.0,0.0
1.0,0.0
1.0,0.0
1.0,0.0
2.0,2.0
1.0,1.0
4.0,4.0
0.0,1.0
1.0,0.0
0.0,1.0
10.0,9.0
1.0,1.0
1.0,0.0
2.0,2.0
10.0,9.0
1.0,1.0
1.0,1.0
1.0,0.0
2.0,1.0
0.0,1.0
2.0,3.0
0.0,1.0
1.0,1.0
6.0,9.0
1.0,1.0
3.0,2.0
1.0,2.0
5.0,13.0
3.0,3.0
0.0,1.0
2.0,4.0
1.0,0.0
1.0,0.0
1.0,0.0
1.0,0.0
2.0,0.0
0.0,2.0
1.0,0.0
2.0,1.0
0.0,2.0
1.0,1.0
1.0,1.0
1.0,0.0
1.0,0.0
3.0,3.0
0.0,4.0
0.0,1.0
0.0,1.0
2.0,2.0
1.0,0.0
2.0,0.0
1.0,0.0
1.0,0.0
1.0,0.0
9.0,7.0
0.0,1.0
1.0,0.0
1.0,0.0
1.0,2.0
1.0,0.0
1.0,0.0
2.0,0.0
1.0,1.0
0.0,1.0
0.0,1.0
2.0,3.0
5.0,4.0
0.0,1.0
2.0,0.0
23.0,34.0
2.0,3.0
1.0,0.0
0.0,1.0
2.0,3.0
1.0,0.0
2.0,2.0
3.0,3.0
2.0,1.0
3.0,0.0
0.0,1.0
2.0,0.0
7.0,6.0
1.0,0.0
4.0,4.0
2.0,2.0
1.0,0.0
20.0,20.0
1.0,1.0
6.0,7.0
2.0,5.0
2.0,2.0
2.0,2.0
1.0,1.0
1.0,0.0
2.0,0.0
1.0,0.0
1.0,0.0
0.0,1.0
2.0,0.0
2.0,2.0
1.0,0.0
1.0,2.0
1.0,0.0
1.0,2.0
6.0,3.0
4.0,5.0
3.0,3.0
1.0,0.0
2.0,2.0
1.0,1.0
2.0,1.0
2.0,2.0
1.0,0.0
9.0,7.0
3.0,3.0
1.0,2.0
3.0,2.0
13.0,11.0
3.0,2.0
11.0,9.0
0.0,1.0
5.0,7.0
0.0,1.0
1.0,1.0
4.0,3.0
25.0,24.0
1.0,0.0
1.0,2.0
1.0,0.0
1.0,0.0
1.0,0.0
6.0,9.0
1.0,1.0
1.0,0.0
1.0,0.0
3.0,1.0
53.0,39.0
2.0,0.0
2.0,0.0
0.0,2.0
10.0,9.0
1.0,0.0
0.0,1.0
1.0,0.0
0.0,1.0
1.0,1.0
3.0,4.0
9.0,10.0
2.0,2.0
1.0,0.0
6.0,6.0
1.0,0.0
0.0,1.0
14.0,13.0
1.0,1.0
0.0,1.0
0.0,1.0
2.0,2.0
20.0,22.0
15.0,12.0
0.0,1.0
0.0,2.0
11.0,13.0
1.0,0.0
1.0,1.0
1.0,1.0
1.0,2.0
1.0,3.0
12.0,13.0
13.0,16.0
4.0,4.0
12.0,11.0
4.0,3.0
0.0,1.0
1.0,1.0
1.0,1.0
2.0,1.0
4.0,4.0
3.0,4.0
1.0,0.0
1.0,1.0
0.0,1.0
35.0,41.0
2.0,0.0
22.0,29.0
1.0,1.0
1.0,1.0
4.0,0.0
1.0,0.0
0.0,1.0
3.0,2.0
1.0,0.0
1.0,0.0
3.0,1.0
1.0,1.0
28.0,33.0
1.0,2.0
0.0,1.0
2.0,1.0
8.0,4.0
3.0,1.0
1.0,1.0
1.0,2.0
3.0,6.0
4.0,4.0
7.0,9.0
0.0,1.0
1.0,1.0
2.0,2.0
2.0,0.0
0.0,1.0
1.0,0.0
1.0,1.0
10.0,7.0
1.0,1.0
4.0,5.0
1.0,0.0
1.0,2.0
1.0,1.0
4.0,6.0
0.0,1.0
5.0,7.0
1.0,0.0
1.0,2.0
5.0,7.0
0.0,1.0
0.0,1.0
2.0,1.0
4.0,4.0
1.0,0.0
1.0,0.0
1.0,0.0
5.0,6.0
2.0,4.0
6.0,13.0
0.0,1.0
7.0,5.0
0.0,1.0
2.0,0.0
0.0,1.0
1.0,1.0
1.0,0.0
1.0,0.0
9.0,7.0
14.0,22.0
3.0,3.0
1.0,0.0
1.0,1.0
2.0,6.0
0.0,1.0
1.0,1.0
1.0,4.0
1.0,1.0
1.0,0.0
2.0,1.0
1.0,0.0
0.0,1.0
2.0,2.0
0.0,1.0
1.0,1.0
1.0,1.0
1.0,2.0
3.0,3.0
20.0,11.0
1.0,1.0
1.0,0.0
1.0,0.0
1.0,1.0
0.0,1.0
1.0,1.0
1.0,1.0
4.0,4.0
0.0,1.0
2.0,2.0
0.0,1.0
1.0,1.0
10.0,8.0
1.0,0.0
1.0,0.0
7.0,7.0
1.0,1.0
0.0,1.0
1.0,0.0
1.0,1.0
16.0,11.0
1.0,0.0
7.0,8.0
0.0,1.0
1.0,1.0
2.0,1.0
1.0,1.0
0.0,2.0
2.0,0.0
1.0,0.0
0.0,1.0
0.0,1.0
1.0,0.0
1.0,0.0
0.0,1.0
41.0,34.0
1.0,0.0
3.0,1.0
0.0,1.0
1.0,1.0
4.0,5.0
2.0,0.0
1.0,0.0
1.0,1.0
1.0,2.0
1.0,1.0
1.0,0.0
1.0,3.0
1.0,0.0
2.0,0.0
6.0,5.0
0.0,1.0
1.0,0.0
2.0,2.0
22.0,26.0
1.0,1.0
39.0,29.0
6.0,7.0
2.0,3.0
1.0,0.0
11.0,11.0
1.0,0.0
1.0,1.0
1.0,1.0
0.0,1.0
5.0,6.0
56.0,38.0
1.0,0.0
21.0,13.0
9.0,4.0
21.0,23.0
26.0,17.0
0.0,1.0
23.0,21.0
44.0,35.0
7.0,5.0
3.0,0.0
1.0,0.0
1.0,1.0
1.0,0.0
0.0,1.0
1.0,0.0
1.0,0.0
2.0,2.0
2.0,0.0
15.0,14.0
1.0,0.0
6.0,8.0
2.0,2.0
5.0,4.0
2.0,0.0
1.0,0.0
2.0,2.0
1.0,0.0
1.0,0.0
2.0,1.0
1.0,0.0
1.0,0.0
0.0,1.0
2.0,1.0
1.0,0.0
0.0,2.0
1.0,0.0
1.0,0.0
9.0,10.0
2.0,3.0
17.0,21.0
1.0,0.0
5.0,5.0
13.0,13.0
1.0,0.0
8.0,8.0
3.0,2.0
1.0,0.0
6.0,4.0
0.0,1.0
1.0,0.0
0.0,1.0
1.0,0.0
4.0,0.0
2.0,2.0
3.0,2.0
4.0,6.0
1.0,1.0
1.0,2.0
2.0,1.0
6.0,5.0
2.0,4.0
1.0,1.0
2.0,2.0
1.0,0.0
1.0,1.0
12.0,7.0
0.0,1.0
15.0,16.0
5.0,3.0
4.0,2.0
31.0,25.0
2.0,3.0
0.0,1.0
1.0,0.0
3.0,3.0
3.0,2.0
1.0,1.0
4.0,4.0
3.0,3.0
12.0,7.0
10.0,6.0
2.0,0.0
0.0,1.0
1.0,0.0
2.0,2.0
2.0,1.0
1.0,0.0
1.0,0.0
3.0,2.0
1.0,0.0
1.0,0.0
0.0,1.0
1.0,2.0
1.0,0.0
3.0,1.0
5.0,9.0
1.0,0.0
1.0,0.0
1.0,2.0
1.0,0.0
5.0,3.0
3.0,3.0
1.0,1.0
1.0,0.0
1.0,1.0
1.0,0.0
1.0,3.0
1.0,0.0
10.0,6.0
22.0,25.0
9.0,10.0
1.0,3.0
2.0,0.0
2.0,1.0
2.0,1.0
1.0,1.0
1.0,2.0
0.0,1.0
19.0,21.0
1.0,0.0
14.0,22.0
6.0,2.0
6.0,5.0
16.0,10.0
4.0,0.0
1.0,0.0
12.0,10.0
6.0,5.0
3.0,7.0
5.0,5.0
2.0,1.0
2.0,4.0
2.0,2.0
1.0,0.0
1.0,2.0
4.0,4.0
1.0,1.0
8.0,6.0
1.0,0.0
0.0,2.0
5.0,5.0
1.0,0.0
1.0,2.0
4.0,5.0
7.0,12.0
6.0,0.0
2.0,1.0
1.0,4.0
1.0,0.0
6.0,7.0
2.0,0.0
1.0,0.0
1.0,1.0
1.0,2.0
1.0,0.0
1.0,0.0
1.0,1.0
1.0,1.0
3.0,0.0
1.0,1.0
1.0,1.0
1.0,1.0
0.0,1.0
1.0,1.0
3.0,2.0
4.0,2.0
4.0,2.0
1.0,1.0
2.0,1.0
0.0,1.0
0.0,1.0
1.0,1.0
0.0,1.0
0.0,1.0
1.0,0.0
1.0,1.0
1.0,0.0
1.0,1.0
0.0,3.0
3.0,1.0
1.0,1.0
1.0,2.0
1.0,0.0
1.0,0.0
1.0,1.0
1.0,1.0
3.0,5.0
1.0,1.0
0.0,1.0
3.0,5.0
1.0,2.0
1.0,1.0
1.0,1.0
2.0,2.0
1.0,0.0
0.0,1.0
0.0,1.0
1.0,0.0
1.0,0.0
0.0,2.0
2.0,2.0
5.0,5.0
18.0,17.0
1.0,1.0
1.0,1.0
1.0,2.0
1.0,0.0
0.0,1.0
1.0,1.0
15.0,18.0
1.0,0.0
1.0,1.0
3.0,4.0
0.0,1.0
4.0,1.0
3.0,9.0
8.0,8.0
1.0,1.0
1.0,1.0
0.0,1.0
0.0,1.0
18.0,21.0
0.0,1.0
1.0,0.0
2.0,2.0
5.0,6.0
1.0,1.0
33.0,26.0
3.0,7.0
2.0,3.0
4.0,4.0
1.0,2.0
5.0,5.0
2.0,1.0
9.0,9.0
4.0,6.0
1.0,1.0
5.0,5.0
2.0,2.0
11.0,11.0
21.0,23.0
1.0,0.0
2.0,3.0
2.0,3.0
1.0,1.0
0.0,1.0
1.0,0.0
2.0,1.0
4.0,6.0
1.0,2.0
1.0,1.0
1.0,0.0
0.0,2.0
0.0,1.0
1.0,1.0
13.0,21.0
1.0,0.0
1.0,0.0
1.0,0.0
6.0,5.0
1.0,0.0
1.0,0.0
1.0,0.0
2.0,0.0
2.0,1.0
1.0,1.0
0.0,2.0
2.0,4.0
1.0,1.0
1.0,1.0
4.0,3.0
1.0,0.0
1.0,0.0
1.0,1.0
4.0,4.0
3.0,5.0
1.0,2.0
1.0,0.0
38.0,31.0
3.0,1.0
1.0,1.0
1.0,0.0
1.0,1.0
24.0,21.0
1.0,0.0
2.0,0.0
5.0,4.0
0.0,1.0
7.0,5.0
8.0,8.0
3.0,6.0
1.0,0.0
1.0,1.0
5.0,2.0
1.0,1.0
0.0,1.0
1.0,1.0
1.0,1.0
1.0,1.0
1.0,1.0
1.0,0.0
1.0,1.0
3.0,0.0
1.0,0.0
5.0,7.0
1.0,1.0
2.0,2.0
11.0,10.0
1.0,0.0
1.0,1.0
2.0,0.0
1.0,0.0
0.0,1.0
0.0,1.0
20.0,16.0
0.0,3.0
1.0,0.0
0.0,1.0
3.0,3.0
5.0,4.0
0.0,1.0
1.0,0.0
0.0,1.0
24.0,19.0
2.0,1.0
31.0,25.0
1.0,1.0
2.0,1.0
2.0,1.0
13.0,14.0
5.0,3.0
5.0,6.0
2.0,2.0
1.0,0.0
1.0,4.0
8.0,9.0
3.0,1.0
1.0,1.0
2.0,1.0
9.0,11.0
4.0,4.0
1.0,1.0
5.0,4.0
1.0,1.0
1.0,0.0
1.0,2.0
1.0,0.0
1.0,1.0
1.0,1.0
1.0,0.0
1.0,0.0
1.0,0.0
1.0,1.0
0.0,1.0
1.0,0.0
1.0,1.0
1.0,0.0
1.0,0.0
1.0,0.0
0.0,1.0
11.0,17.0
1.0,2.0
2.0,0.0
2.0,0.0
1.0,1.0
1.0,0.0
0.0,1.0
3.0,1.0
4.0,5.0
12.0,11.0
7.0,3.0
1.0,0.0
1.0,0.0
1.0,0.0
2.0,1.0
1.0,0.0
5.0,6.0
1.0,0.0
1.0,0.0
0.0,1.0
2.0,1.0
1.0,0.0
2.0,2.0
1.0,0.0
1.0,1.0
3.0,2.0
1.0,0.0
6.0,5.0
0.0,1.0
1.0,1.0
1.0,0.0
2.0,4.0
1.0,0.0
1.0,0.0
13.0,12.0
1.0,1.0
2.0,0.0
3.0,1.0
3.0,2.0
1.0,0.0
1.0,0.0
2.0,0.0
1.0,1.0
1.0,1.0
0.0,1.0
0.0,1.0
1.0,0.0
1.0,1.0
0.0,1.0
2.0,2.0
1.0,0.0
21.0,42.0
1.0,0.0
5.0,4.0
4.0,2.0
1.0,0.0
1.0,1.0
0.0,1.0
3.0,3.0
0.0,1.0
3.0,2.0
7.0,9.0
4.0,6.0
1.0,2.0
3.0,2.0
1.0,0.0
1.0,0.0
2.0,1.0
0.0,2.0
1.0,2.0
3.0,3.0
5.0,8.0
2.0,1.0
1.0,0.0
1.0,1.0
0.0,1.0
2.0,1.0
1.0,0.0
0.0,1.0
2.0,3.0
1.0,0.0
1.0,3.0
2.0,0.0
3.0,2.0
1.0,1.0
1.0,1.0
3.0,4.0
1.0,0.0
1.0,0.0
1.0,1.0
0.0,1.0
1.0,1.0
1.0,1.0
5.0,6.0
1.0,1.0
5.0,6.0
1.0,4.0
1.0,1.0
0.0,1.0
1.0,0.0
1.0,3.0
1.0,1.0
1.0,0.0
1.0,1.0
2.0,1.0
1.0,0.0
1.0,0.0
0.0,1.0
1.0,0.0
1.0,0.0
1.0,0.0
1.0,0.0
1.0,0.0
1.0,1.0
1.0,0.0
1.0,0.0
4.0,4.0
1.0,1.0
0.0,1.0
0.0,1.0
3.0,0.0
2.0,0.0
1.0,0.0
1.0,0.0
1.0,1.0
1.0,2.0
7.0,6.0
3.0,3.0
1.0,0.0
1.0,0.0
3.0,4.0
16.0,10.0
2.0,1.0
1.0,0.0
3.0,1.0
1.0,0.0
5.0,3.0
0.0,1.0
1.0,1.0
1.0,1.0
1.0,0.0
2.0,0.0
1.0,1.0
3.0,0.0
7.0,6.0
1.0,0.0
8.0,5.0
1.0,0.0
21.0,22.0
6.0,2.0
1.0,0.0
1.0,0.0
8.0,10.0
2.0,0.0
1.0,2.0
2.0,1.0
0.0,1.0
4.0,4.0
1.0,2.0
2.0,1.0
1.0,0.0
4.0,3.0
1.0,1.0
1.0,0.0
1.0,0.0
6.0,6.0
1.0,2.0
1.0,0.0
3.0,3.0
1.0,0.0
6.0,5.0
2.0,1.0
20.0,18.0
4.0,3.0
1.0,0.0
12.0,13.0
1.0,0.0
1.0,0.0
0.0,1.0
2.0,2.0
0.0,1.0
1.0,0.0
1.0,1.0
1.0,1.0
1.0,0.0
1.0,0.0
6.0,4.0
1.0,0.0
1.0,1.0
12.0,13.0
9.0,7.0
0.0,1.0
17.0,15.0
2.0,0.0
1.0,1.0
1.0,0.0
19.0,20.0
0.0,1.0
2.0,4.0
9.0,7.0
2.0,2.0
9.0,7.0
3.0,6.0
2.0,2.0
3.0,0.0
1.0,0.0
1.0,0.0
12.0,15.0
1.0,0.0
1.0,1.0
1.0,1.0
3.0,3.0
0.0,1.0
1.0,0.0
1.0,2.0
6.0,5.0
0.0,2.0
1.0,1.0
1.0,0.0
3.0,2.0
5.0,7.0
1.0,0.0
1.0,1.0
46.0,46.0
0.0,1.0
2.0,2.0
1.0,0.0
1.0,0.0
1.0,2.0
1.0,0.0
1.0,0.0
1.0,2.0
29.0,23.0
6.0,6.0
25.0,27.0
4.0,0.0
96.0,116.0
1.0,0.0
0.0,1.0
1.0,0.0
1.0,0.0
127.0,115.0
39.0,38.0
3.0,3.0
1.0,0.0
2.0,4.0
2.0,1.0
1.0,0.0
3.0,5.0
1.0,0.0
17.0,13.0
5.0,4.0
8.0,7.0
1.0,1.0
6.0,8.0
2.0,2.0
5.0,0.0
1.0,1.0
5.0,3.0
1.0,0.0
1.0,1.0
6.0,4.0
1.0,1.0
10.0,7.0
1.0,1.0
2.0,1.0
1.0,1.0
1.0,2.0
1.0,0.0
1.0,2.0
1.0,0.0
1.0,1.0
1.0,0.0
0.0,1.0
3.0,3.0
1.0,0.0
1.0,1.0
1.0,0.0
1.0,1.0
2.0,3.0
0.0,1.0
4.0,3.0
1.0,1.0
2.0,2.0
1.0,2.0
1.0,1.0
0.0,1.0
7.0,4.0
0.0,1.0
2.0,2.0
1.0,1.0
1.0,0.0
2.0,6.0
24.0,22.0
0.0,1.0
1.0,0.0
8.0,7.0
1.0,1.0
4.0,6.0
0.0,1.0
2.0,4.0
2.0,0.0
1.0,1.0
1.0,0.0
1.0,0.0
1.0,1.0
1.0,0.0
1.0,0.0
2.0,2.0
1.0,0.0
1.0,1.0
0.0,2.0
1.0,0.0
1.0,1.0
5.0,4.0
1.0,1.0
0.0,1.0
0.0,1.0
1.0,0.0
11.0,17.0
1.0,2.0
0.0,1.0
1.0,1.0
2.0,1.0
1.0,0.0
2.0,2.0
0.0,1.0
1.0,1.0
1.0,0.0
3.0,4.0
0.0,1.0
1.0,0.0
0.0,1.0
1.0,0.0
0.0,1.0
0.0,1.0
1.0,0.0
1.0,1.0
1.0,1.0
1.0,0.0
1.0,0.0
2.0,2.0
2.0,4.0
13.0,9.0
1.0,1.0
1.0,0.0
1.0,1.0
5.0,6.0
5.0,3.0
2.0,0.0
2.0,0.0
4.0,4.0
2.0,4.0
1.0,1.0
1.0,2.0
1.0,0.0
1.0,1.0
5.0,6.0
0.0,1.0
1.0,0.0
1.0,1.0
1.0,2.0
1.0,1.0
9.0,7.0
2.0,3.0
5.0,5.0
4.0,5.0
1.0,0.0
52.0,62.0
0.0,1.0
4.0,5.0
8.0,7.0
1.0,2.0
0.0,3.0
1.0,0.0
0.0,1.0
1.0,0.0
3.0,1.0
0.0,1.0
0.0,1.0
1.0,0.0
3.0,1.0
2.0,1.0
8.0,10.0
0.0,2.0
1.0,2.0
1.0,1.0
1.0,1.0
2.0,1.0
2.0,0.0
0.0,2.0
6.0,5.0
16.0,7.0
2.0,0.0
3.0,6.0
4.0,6.0
1.0,2.0
4.0,3.0
1.0,1.0
1.0,1.0
15.0,18.0
1.0,0.0
1.0,0.0
18.0,21.0
5.0,6.0
1.0,0.0
18.0,15.0
37.0,32.0
1.0,1.0
0.0,1.0
24.0,25.0
1.0,1.0
0.0,1.0
7.0,7.0
0.0,1.0
17.0,15.0
2.0,0.0
2.0,1.0
2.0,2.0
1.0,0.0
1.0,1.0
1.0,1.0
1.0,1.0
1.0,2.0
1.0,1.0
3.0,3.0
1.0,1.0
1.0,0.0
1.0,1.0
17.0,18.0
0.0,1.0
1.0,1.0
1.0,1.0
8.0,7.0
19.0,18.0
3.0,2.0
3.0,4.0
1.0,3.0
2.0,1.0
1.0,0.0
1.0,0.0
1.0,0.0
2.0,0.0
5.0,3.0
6.0,7.0
2.0,2.0
1.0,0.0
2.0,2.0
4.0,3.0
2.0,0.0
4.0,5.0
8.0,6.0
2.0,0.0
1.0,0.0
1.0,1.0
0.0,1.0
2.0,3.0
7.0,7.0
3.0,4.0
1.0,0.0
1.0,1.0
2.0,1.0
1.0,1.0
1.0,0.0
0.0,1.0
4.0,2.0
6.0,0.0
5.0,2.0
2.0,0.0
6.0,6.0
2.0,2.0
1.0,0.0
2.0,3.0
6.0,7.0
3.0,3.0
1.0,0.0
1.0,0.0
1.0,0.0
2.0,1.0
1.0,1.0
15.0,10.0
1.0,1.0
1.0,0.0
0.0,1.0
1.0,0.0
0.0,1.0
0.0,1.0
1.0,1.0
1.0,1.0
2.0,3.0
2.0,0.0
9.0,6.0
8.0,6.0
11.0,11.0
1.0,0.0
1.0,0.0
2.0,0.0
1.0,0.0
0.0,2.0
2.0,2.0
1.0,0.0
1.0,1.0
1.0,2.0
1.0,2.0
2.0,1.0
2.0,2.0
1.0,0.0
7.0,8.0
5.0,5.0
10.0,11.0
1.0,1.0
1.0,0.0
6.0,5.0
1.0,1.0
22.0,26.0
2.0,0.0
5.0,6.0
10.0,12.0
1.0,2.0
45.0,32.0
2.0,5.0
5.0,5.0
8.0,12.0
5.0,4.0
0.0,1.0
3.0,2.0
1.0,2.0
7.0,7.0
1.0,0.0
6.0,3.0
2.0,2.0
17.0,20.0
26.0,29.0
4.0,2.0
2.0,0.0
2.0,0.0
1.0,1.0
1.0,0.0
1.0,0.0
2.0,4.0
0.0,1.0
3.0,2.0
2.0,0.0
1.0,1.0
3.0,3.0
0.0,2.0
2.0,1.0
1.0,1.0
5.0,8.0
1.0,0.0
1.0,2.0
1.0,2.0
4.0,1.0
1.0,0.0
1.0,1.0
0.0,1.0
0.0,1.0
0.0,1.0
1.0,1.0
1.0,0.0
3.0,3.0
1.0,1.0
0.0,1.0
1.0,2.0
0.0,1.0
1.0,1.0
1.0,0.0
5.0,5.0
1.0,1.0
28.0,27.0
30.0,28.0
1.0,0.0
6.0,6.0
1.0,0.0
0.0,1.0
1.0,0.0
10.0,4.0
1.0,0.0
2.0,2.0
1.0,2.0
1.0,0.0
2.0,1.0
3.0,2.0
0.0,1.0
1.0,0.0
8.0,6.0
18.0,13.0
15.0,17.0
5.0,4.0
5.0,7.0
5.0,2.0
4.0,2.0
0.0,1.0
11.0,11.0
3.0,0.0
15.0,15.0
1.0,1.0
1.0,1.0
6.0,11.0
3.0,2.0
1.0,1.0
1.0,0.0
15.0,11.0
36.0,27.0
1.0,0.0
1.0,0.0
14.0,20.0
0.0,1.0
1.0,1.0
1.0,1.0
3.0,2.0
16.0,19.0
4.0,4.0
2.0,1.0
7.0,4.0
1.0,1.0
4.0,8.0
2.0,1.0
1.0,0.0
1.0,0.0
4.0,3.0
0.0,1.0
0.0,1.0
0.0,1.0
13.0,13.0
1.0,1.0
1.0,1.0
1.0,0.0
1.0,0.0
1.0,0.0
1.0,0.0
1.0,0.0
4.0,4.0
4.0,5.0
1.0,1.0
1.0,0.0
5.0,4.0
1.0,0.0
1.0,0.0
5.0,7.0
5.0,3.0
1.0,1.0
3.0,4.0
2.0,2.0
1.0,0.0
1.0,1.0
1.0,0.0
1.0,0.0
1.0,0.0
0.0,1.0
0.0,1.0
1.0,0.0
1.0,0.0
2.0,1.0
2.0,3.0
2.0,0.0
1.0,0.0
5.0,0.0
1.0,0.0
1.0,1.0
3.0,5.0
0.0,1.0
5.0,7.0
9.0,12.0
1.0,1.0
1.0,0.0
7.0,7.0
2.0,0.0
1.0,2.0
11.0,13.0
2.0,2.0
5.0,4.0
3.0,3.0
0.0,1.0
50.0,55.0
33.0,33.0
1.0,1.0
1.0,1.0
16.0,2.0
5.0,7.0
8.0,4.0
5.0,5.0
2.0,2.0
3.0,2.0
3.0,5.0
1.0,0.0
3.0,4.0
0.0,1.0
6.0,8.0
1.0,1.0
1.0,1.0
1.0,0.0
1.0,0.0
28.0,25.0
1.0,0.0
1.0,0.0
1.0,0.0
1.0,0.0
0.0,1.0
2.0,2.0
1.0,0.0
2.0,0.0
1.0,0.0
1.0,1.0
1.0,0.0
1.0,0.0
1.0,1.0
0.0,1.0
3.0,3.0
1.0,2.0
10.0,11.0
7.0,4.0
0.0,1.0
43.0,33.0
3.0,2.0
5.0,7.0
5.0,9.0
1.0,3.0
10.0,7.0
4.0,2.0
1.0,1.0
1.0,0.0
1.0,1.0
1.0,0.0
1.0,0.0
2.0,1.0
1.0,2.0
2.0,2.0
3.0,3.0
12.0,11.0
12.0,13.0
2.0,0.0
2.0,4.0
0.0,1.0
4.0,4.0
4.0,5.0
1.0,1.0
1.0,1.0
24.0,19.0
1.0,0.0
24.0,29.0
1.0,0.0
4.0,5.0
4.0,4.0
1.0,1.0
0.0,1.0
3.0,4.0
5.0,5.0
28.0,20.0
1.0,1.0
0.0,1.0
1.0,0.0
9.0,13.0
1.0,0.0
4.0,5.0
1.0,1.0
13.0,8.0
1.0,1.0
23.0,24.0
1.0,2.0
1.0,0.0
1.0,0.0
1.0,1.0
0.0,1.0
1.0,1.0
1.0,0.0
0.0,1.0
1.0,0.0
3.0,2.0
2.0,3.0
17.0,19.0
5.0,3.0
1.0,0.0
1.0,0.0
9.0,14.0
2.0,0.0
3.0,2.0
1.0,1.0
1.0,1.0
2.0,0.0
2.0,1.0
0.0,1.0
2.0,1.0
2.0,1.0
2.0,0.0
0.0,1.0
1.0,4.0
0.0,1.0
1.0,0.0
1.0,0.0
1.0,0.0
18.0,24.0
1.0,0.0
1.0,1.0
0.0,1.0
1.0,1.0
1.0,0.0
1.0,1.0
1.0,1.0
1.0,0.0
4.0,1.0
1.0,0.0
1.0,0.0
1.0,1.0
0.0,1.0
2.0,2.0
1.0,1.0
1.0,1.0
1.0,0.0
1.0,0.0
2.0,1.0
3.0,2.0
1.0,0.0
2.0,1.0
0.0,2.0
1.0,1.0
1.0,1.0
1.0,0.0
1.0,0.0
1.0,0.0
0.0,1.0
1.0,0.0
68.0,54.0
1.0,1.0
1.0,1.0
1.0,0.0
4.0,2.0
1.0,0.0
0.0,1.0
1.0,0.0
1.0,0.0
5.0,6.0
1.0,0.0
1.0,0.0
4.0,1.0
1.0,1.0
4.0,0.0
1.0,1.0
0.0,1.0
18.0,14.0
1.0,1.0
8.0,12.0
0.0,2.0
1.0,1.0
1.0,0.0
1.0,0.0
1.0,0.0
1.0,1.0
5.0,8.0
1.0,0.0
0.0,1.0
1.0,1.0
2.0,0.0
2.0,2.0
5.0,5.0
2.0,1.0
0.0,2.0
0.0,1.0
9.0,8.0
2.0,2.0
6.0,4.0
3.0,0.0
1.0,0.0
1.0,1.0
7.0,0.0
2.0,2.0
1.0,0.0
1.0,0.0
0.0,1.0
68.0,17.0
0.0,1.0
1.0,0.0
1.0,0.0
1.0,1.0
1.0,3.0
1.0,2.0
1.0,0.0
1.0,1.0
0.0,1.0
3.0,4.0
1.0,0.0
1.0,0.0
1.0,0.0
8.0,9.0
2.0,0.0
1.0,1.0
6.0,9.0
0.0,1.0
3.0,3.0
0.0,1.0
1.0,0.0
1.0,0.0
1.0,0.0
2.0,2.0
1.0,0.0
1.0,0.0
1.0,0.0
1.0,2.0
1.0,0.0
2.0,0.0
1.0,0.0
3.0,3.0
0.0,1.0
10.0,11.0
1.0,0.0
10.0,9.0
0.0,1.0
0.0,1.0
4.0,4.0
1.0,0.0
19.0,19.0
5.0,6.0
1.0,0.0
1.0,0.0
1.0,0.0
14.0,13.0
1.0,1.0
1.0,0.0
2.0,2.0
3.0,3.0
1.0,1.0
2.0,4.0
1.0,1.0
2.0,2.0
1.0,0.0
1.0,1.0
3.0,2.0
1.0,2.0
3.0,3.0
5.0,4.0
1.0,1.0
2.0,3.0
2.0,0.0
8.0,11.0
0.0,1.0
1.0,1.0
1.0,0.0
1.0,2.0
2.0,1.0
2.0,2.0
1.0,1.0
1.0,0.0
1.0,1.0
0.0,1.0
2.0,2.0
4.0,0.0
2.0,1.0
3.0,3.0
1.0,0.0
3.0,3.0
1.0,0.0
1.0,0.0
5.0,3.0
0.0,1.0
1.0,1.0
1.0,2.0
4.0,4.0
2.0,1.0
1.0,0.0
1.0,0.0
1.0,2.0
7.0,10.0
1.0,0.0
20.0,26.0
5.0,6.0
15.0,20.0
1.0,0.0
11.0,12.0
1.0,1.0
1.0,0.0
9.0,7.0
1.0,1.0
4.0,4.0
1.0,1.0
3.0,1.0
8.0,5.0
1.0,2.0
1.0,1.0
0.0,1.0
1.0,0.0
2.0,2.0
1.0,0.0
1.0,0.0
1.0,0.0
1.0,2.0
2.0,2.0
0.0,1.0
3.0,2.0
3.0,4.0
3.0,6.0
0.0,3.0
2.0,0.0
1.0,0.0
6.0,6.0
2.0,0.0
0.0,1.0
1.0,0.0
2.0,3.0
1.0,0.0
3.0,2.0
0.0,1.0
1.0,0.0
1.0,1.0
1.0,0.0
1.0,1.0
1.0,1.0
0.0,1.0
15.0,16.0
2.0,2.0
2.0,1.0
1.0,1.0
6.0,7.0
2.0,2.0
1.0,0.0
1.0,0.0
1.0,0.0
1.0,1.0
3.0,3.0
4.0,5.0
1.0,0.0
0.0,1.0
1.0,0.0
4.0,8.0
1.0,0.0
0.0,1.0
0.0,1.0
0.0,1.0
1.0,2.0
1.0,0.0
6.0,12.0
1.0,1.0
2.0,2.0
1.0,2.0
1.0,0.0
1.0,0.0
0.0,1.0
1.0,0.0
1.0,0.0
2.0,2.0
4.0,4.0
0.0,1.0
0.0,1.0
1.0,0.0
3.0,3.0
36.0,36.0
31.0,20.0
3.0,3.0
6.0,7.0
0.0,2.0
1.0,0.0
0.0,1.0
1.0,1.0
0.0,1.0
4.0,3.0
1.0,1.0
6.0,9.0
2.0,3.0
2.0,4.0
1.0,1.0
2.0,4.0
7.0,5.0
1.0,1.0
58.0,55.0
1.0,1.0
3.0,3.0
3.0,2.0
2.0,2.0
1.0,2.0
0.0,1.0
6.0,9.0
1.0,0.0
1.0,1.0
15.0,15.0
1.0,1.0
2.0,2.0
1.0,1.0
1.0,1.0
12.0,17.0
1.0,0.0
4.0,4.0
1.0,0.0
1.0,0.0
5.0,5.0
2.0,4.0
1.0,0.0
1.0,1.0
0.0,1.0
0.0,1.0
4.0,6.0
1.0,1.0
0.0,2.0
1.0,0.0
0.0,1.0
1.0,1.0
0.0,2.0
3.0,3.0
1.0,1.0
1.0,1.0
1.0,2.0
1.0,1.0
2.0,2.0
1.0,1.0
2.0,4.0
0.0,2.0
4.0,3.0
4.0,4.0
4.0,6.0
1.0,0.0
1.0,0.0
4.0,3.0
0.0,1.0
1.0,0.0
1.0,2.0
7.0,12.0
1.0,3.0
1.0,5.0
1.0,0.0
0.0,1.0
2.0,0.0
1.0,0.0
2.0,0.0
1.0,0.0
1.0,1.0
1.0,0.0
1.0,0.0
1.0,2.0
1.0,1.0
0.0,1.0
1.0,2.0
1.0,0.0
0.0,3.0
2.0,0.0
0.0,1.0
0.0,1.0
1.0,0.0
1.0,0.0
1.0,1.0
0.0,2.0
3.0,5.0
2.0,2.0
2.0,0.0
13.0,14.0
1.0,1.0
0.0,2.0
1.0,0.0
2.0,2.0
2.0,0.0
0.0,1.0
1.0,0.0
1.0,2.0
0.0,1.0
2.0,0.0
1.0,1.0
12.0,14.0
0.0,2.0
1.0,0.0
2.0,1.0
1.0,1.0
1.0,1.0
1.0,1.0
1.0,1.0
0.0,2.0
0.0,1.0
1.0,1.0
1.0,0.0
1.0,0.0
0.0,1.0
1.0,0.0
3.0,5.0
0.0,1.0
2.0,1.0
1.0,0.0
4.0,9.0
1.0,2.0
2.0,2.0
1.0,1.0
1.0,0.0
0.0,1.0
0.0,1.0
1.0,0.0
11.0,16.0
0.0,1.0
0.0,1.0
1.0,0.0
1.0,1.0
2.0,2.0
8.0,9.0
4.0,2.0
0.0,1.0
1.0,0.0
11.0,11.0
1.0,1.0
2.0,1.0
1.0,0.0
8.0,4.0
3.0,4.0
3.0,1.0
3.0,2.0
6.0,7.0
25.0,19.0
3.0,5.0
2.0,2.0
18.0,17.0
8.0,6.0
1.0,1.0
20.0,18.0
3.0,3.0
3.0,1.0
7.0,8.0
1.0,1.0
0.0,1.0
3.0,3.0
2.0,0.0
3.0,3.0
12.0,14.0
2.0,1.0
1.0,0.0
1.0,0.0
0.0,2.0
0.0,1.0
0.0,4.0
1.0,0.0
0.0,1.0
2.0,1.0
1.0,0.0
0.0,2.0
1.0,0.0
0.0,1.0
1.0,1.0
0.0,1.0
2.0,3.0
1.0,0.0
1.0,1.0
1.0,2.0
6.0,5.0
1.0,0.0
1.0,0.0
2.0,3.0
0.0,1.0
2.0,3.0
1.0,2.0
4.0,4.0
2.0,3.0
1.0,1.0
0.0,1.0
1.0,1.0
0.0,1.0
1.0,1.0
5.0,10.0
1.0,1.0
2.0,3.0
2.0,2.0
0.0,1.0
2.0,2.0
8.0,9.0
2.0,3.0
3.0,4.0
16.0,26.0
9.0,9.0
2.0,4.0
43.0,52.0
8.0,9.0
2.0,2.0
14.0,16.0
7.0,5.0
2.0,3.0
12.0,14.0
4.0,4.0
7.0,5.0
3.0,5.0
25.0,33.0
4.0,5.0
2.0,1.0
12.0,13.0
5.0,5.0
1.0,0.0
5.0,5.0
3.0,7.0
31.0,29.0
5.0,4.0
1.0,1.0
10.0,15.0
22.0,22.0
1.0,2.0
2.0,2.0
1.0,0.0
8.0,9.0
10.0,2.0
1.0,3.0
3.0,3.0
1.0,0.0
9.0,8.0
11.0,11.0
13.0,8.0
3.0,4.0
1.0,1.0
3.0,1.0
2.0,0.0
2.0,5.0
1.0,2.0
1.0,1.0
1.0,1.0
1.0,0.0
3.0,2.0
0.0,1.0
1.0,1.0
2.0,2.0
1.0,1.0
2.0,1.0
1.0,1.0
1.0,2.0
1.0,0.0
0.0,1.0
3.0,9.0
1.0,0.0
1.0,1.0
1.0,0.0
0.0,1.0
2.0,2.0
2.0,0.0
1.0,1.0
0.0,1.0
0.0,1.0
1.0,1.0
16.0,18.0
1.0,0.0
12.0,15.0
4.0,7.0
14.0,11.0
1.0,0.0
2.0,2.0
20.0,20.0
1.0,0.0
4.0,3.0
2.0,1.0
13.0,12.0
3.0,3.0
3.0,1.0
4.0,3.0
1.0,1.0
16.0,19.0
8.0,7.0
2.0,4.0
3.0,6.0
1.0,1.0
2.0,1.0
1.0,2.0
5.0,3.0
0.0,1.0
1.0,0.0
8.0,6.0
1.0,1.0
1.0,1.0
0.0,1.0
1.0,0.0
16.0,18.0
2.0,2.0
2.0,3.0
8.0,6.0
3.0,1.0
10.0,8.0
5.0,12.0
1.0,0.0
1.0,0.0
0.0,2.0
0.0,1.0
1.0,1.0
1.0,0.0
1.0,0.0
0.0,1.0
1.0,0.0
0.0,2.0
1.0,0.0
1.0,1.0
2.0,0.0
0.0,1.0
0.0,1.0
0.0,1.0
0.0,1.0
1.0,2.0
1.0,0.0
1.0,0.0
1.0,0.0
0.0,2.0
2.0,1.0
2.0,1.0
2.0,1.0
1.0,1.0
1.0,1.0
5.0,6.0
1.0,1.0
1.0,2.0
1.0,1.0
1.0,1.0
1.0,3.0
1.0,3.0
1.0,1.0
0.0,1.0
1.0,0.0
2.0,0.0
4.0,5.0
1.0,0.0
1.0,0.0
1.0,0.0
2.0,2.0
1.0,2.0
0.0,1.0
0.0,1.0
1.0,0.0
1.0,1.0
0.0,1.0
10.0,8.0
0.0,1.0
1.0,1.0
1.0,1.0
1.0,1.0
1.0,2.0
1.0,0.0
4.0,3.0
0.0,1.0
1.0,0.0
0.0,2.0
1.0,0.0
1.0,0.0
1.0,2.0
1.0,1.0
0.0,1.0
2.0,0.0
2.0,2.0
2.0,0.0
2.0,1.0
1.0,0.0
0.0,1.0
1.0,0.0
1.0,1.0
2.0,2.0
2.0,2.0
1.0,2.0
3.0,3.0
0.0,1.0
3.0,0.0
1.0,0.0
0.0,1.0
1.0,1.0
1.0,1.0
1.0,1.0
2.0,4.0
3.0,3.0
1.0,2.0
1.0,1.0
1.0,0.0
0.0,1.0
2.0,2.0
0.0,1.0
1.0,2.0
